CODE_GENDER,FLAG_OWN_CAR,FLAG_OWN_REALTY,CNT_CHILDREN,AMT_INCOME_TOTAL,NAME_INCOME_TYPE,NAME_EDUCATION_TYPE,NAME_FAMILY_STATUS,NAME_HOUSING_TYPE,age,work_year,FLAG_WORK_PHONE,FLAG_PHONE,FLAG_EMAIL,OCCUPATION_TYPE,CNT_FAM_MEMBERS,month_on_book
0,1,1,0,90.0,0,1,0,0,52.28493151,0.350684932,1,0,0,0,2,53
1,1,1,1,180.0,0,1,2,0,41.44383562,15.82465753,0,0,0,18,3,32
0,1,0,0,56.25,2,1,0,0,65.13150685,7.247955325,0,1,0,18,2,57
0,1,1,0,135.0,0,3,0,0,44.96712329,1.704109589,0,1,0,8,2,56
1,0,0,0,157.5,0,1,0,0,50.210958899999994,19.96712329,1,0,0,0,2,41
0,1,0,0,216.0,1,1,0,0,40.47945205,11.85479452,1,0,0,5,2,33
0,0,1,1,108.0,0,1,0,0,35.64931507,3.676712329,0,1,0,2,3,25
1,1,1,0,90.0,0,1,2,0,35.1260274,0.424657534,0,0,0,0,2,56
0,0,1,0,90.0,2,1,0,0,56.64383562,7.247955325,0,1,0,18,2,7
0,0,0,3,112.5,0,2,0,2,42.32054795,6.767123288,1,0,0,2,3,51
0,0,0,0,157.5,0,0,0,0,53.85479452,4.684931507,0,0,0,2,2,30
0,0,1,1,202.5,0,2,0,0,29.44109589,3.01369863,0,1,0,2,3,53
0,0,1,0,247.5,0,1,0,0,30.87123288,6.97260274,1,1,0,0,2,9
1,0,1,0,180.0,2,0,0,0,53.75068493,7.247955325,0,0,0,18,2,9
0,1,1,0,112.5,2,1,0,0,54.57808219,7.247955325,0,1,0,18,2,42
0,0,1,0,157.5,2,0,0,0,33.936986299999994,3.630136986,0,1,1,5,2,32
1,1,1,3,99.0,3,1,0,1,45.36438356,8.863013699,0,0,0,4,3,30
0,0,1,0,292.5,0,0,0,0,37.19726027,3.468493151,0,1,0,7,2,35
0,0,0,0,135.0,2,1,0,0,58.38904109999999,7.247955325,0,0,0,18,2,7
1,1,1,0,215.1,1,1,0,0,52.53424658,3.520547945,0,1,0,0,2,26
1,0,1,1,180.0,0,3,0,0,28.9890411,4.6356164380000004,1,0,0,18,3,22
0,0,1,1,67.5,1,0,0,0,24.99178082,4.293150685,0,0,1,14,3,12
0,1,0,0,315.0,1,0,0,0,53.410958900000004,4.597260274,0,1,0,7,2,15
0,0,0,0,270.0,0,1,0,0,45.81643836,1.950684932,1,0,0,3,2,44
1,1,1,3,90.0,2,3,0,0,60.14794521,7.247955325,0,0,0,18,3,7
0,0,1,3,292.5,2,1,0,0,33.88493151,1.84109589,0,0,0,1,3,21
0,1,1,0,360.0,2,1,0,2,64.10410959,7.247955325,0,0,0,18,2,28
0,0,0,0,180.0,0,1,0,0,53.63013699,7.947945205,0,0,0,2,2,21
0,0,0,0,157.5,1,1,2,0,42.33972603,0.9698630140000001,0,0,0,0,2,14
1,1,0,0,225.0,0,1,1,0,24.54246575,0.594520548,1,1,0,4,1,6
0,0,1,3,157.5,1,1,0,0,46.58630137,3.060273973,1,0,0,10,3,55
1,1,1,0,315.0,1,0,0,0,51.1260274,3.465753425,0,0,0,3,2,60
0,0,0,0,238.5,0,1,0,0,52.89041096,9.030136986,1,0,0,0,2,59
0,1,0,0,135.0,1,1,0,0,37.20821918,7.057534247,0,0,0,18,2,13
0,0,1,0,216.0,2,1,4,0,54.86027397,7.247955325,0,0,0,18,1,25
1,1,1,0,195.75,0,1,0,0,51.60547945,2.550684932,1,1,0,0,2,59
0,0,0,1,72.0,0,0,0,0,34.30684932,1.0465753420000001,0,0,0,8,3,11
0,1,0,1,175.5,1,1,1,2,32.07945205,13.65205479,0,0,0,0,2,45
1,0,0,0,157.5,1,2,1,0,26.98356164,0.6,0,1,0,18,1,50
0,0,0,0,90.0,3,0,0,3,43.44931507,4.208219178,0,0,0,1,2,26
0,1,1,0,162.0,2,0,0,0,57.14520548,7.247955325,0,1,0,18,2,42
0,0,1,0,135.0,3,0,1,2,29.20547945,5.301369863,0,0,0,1,1,36
0,0,1,0,126.0,0,1,1,0,43.63561644,2.846575342,0,0,0,10,1,54
0,1,0,0,144.0,0,0,2,0,26.789041100000002,2.347945205,1,1,0,18,2,47
0,0,1,0,126.0,3,2,0,0,48.02465753,4.701369863,0,0,0,18,2,25
0,0,0,1,180.0,0,1,1,2,29.42465753,3.5561643839999997,0,0,0,0,2,48
0,0,1,3,126.0,1,0,0,0,34.00273973,4.857534247,0,0,1,3,3,19
1,0,0,1,207.0,3,0,0,4,40.79726027,7.18630137,0,0,0,1,3,29
0,0,0,0,180.0,0,1,4,2,58.66575342,1.263013699,0,0,0,9,1,12
0,1,1,0,81.0,0,1,0,0,54.93424658,20.80273973,0,1,0,10,2,8
0,0,1,1,67.5,1,1,0,0,51.7260274,11.27123288,0,0,0,7,3,34
1,0,0,0,135.0,0,1,1,0,25.410958899999997,1.3506849319999998,0,0,0,0,1,1
0,0,1,0,103.5,0,1,0,0,28.48219178,1.545205479,0,0,1,17,2,14
0,0,0,0,193.5,0,1,1,2,48.98630137,27.00821918,0,0,0,11,2,29
1,1,1,1,337.5,0,0,0,0,34.03561644,15.4,0,0,1,3,3,22
0,0,1,0,99.0,2,0,3,0,67.42739726,7.247955325,0,0,0,18,1,11
1,1,1,0,225.0,0,1,0,0,30.75616438,6.1260273970000005,0,0,0,4,2,35
0,1,0,0,315.0,1,0,0,0,37.14246575,1.605479452,1,1,0,18,2,19
0,0,1,0,90.0,0,1,2,0,45.39452055,1.416438356,0,0,0,0,2,35
1,0,1,0,135.0,0,1,0,3,39.88767123,7.120547945,0,0,0,0,2,31
0,0,1,0,180.0,1,1,0,0,58.02739726,7.473972602999999,0,0,0,18,2,14
1,0,0,0,135.0,1,0,0,0,36.04109589,8.019178082,1,0,0,3,2,36
0,0,1,1,112.5,4,1,2,0,33.22465753,2.1780821919999998,0,0,0,0,3,12
0,0,1,1,135.0,3,1,3,0,31.45205479,4.621917808,0,0,0,18,2,12
1,1,0,3,315.0,0,1,0,0,32.97808219,0.539726027,0,0,0,0,3,15
0,0,0,1,135.0,1,1,0,0,33.61369863,1.654794521,0,0,0,3,3,12
0,1,0,0,180.0,0,0,0,0,40.93972603,4.520547945,1,0,1,1,2,41
1,1,1,3,450.0,1,0,0,0,48.87945205,11.79452055,1,1,0,3,3,49
0,0,1,0,52.65,2,1,0,0,48.72054795,7.247955325,0,0,0,18,2,9
0,1,1,0,135.0,0,3,0,0,44.96712329,1.704109589,0,1,0,8,2,21
1,1,0,0,225.0,1,0,0,0,41.14794521,18.32876712,0,0,0,8,2,25
1,1,1,0,135.0,0,1,0,0,51.56164384,8.726027397000001,0,1,0,12,2,15
0,1,0,0,202.5,0,0,0,0,25.32054795,0.380821918,0,0,0,7,2,5
0,0,1,0,90.0,2,1,0,0,58.71780822,7.247955325,0,0,0,18,2,55
1,1,0,0,135.0,2,1,0,0,39.45205479,7.247955325,0,1,0,18,2,24
1,1,1,0,225.0,0,1,2,0,33.72876712,6.742465752999999,1,1,0,0,2,25
0,1,1,0,225.0,0,0,0,0,32.00547945,9.556164384,1,0,0,18,2,31
1,0,1,0,315.0,1,0,1,0,28.76438356,1.493150685,0,0,1,0,1,33
1,1,1,0,135.0,0,1,0,0,28.25753425,2.635616438,0,0,1,2,2,9
1,1,1,3,450.0,1,0,0,0,48.87945205,11.79452055,1,1,0,3,3,56
1,0,1,0,112.5,1,0,0,0,55.07671233,1.520547945,0,0,0,6,2,49
0,0,0,0,45.0,3,1,0,0,50.77260274,10.04383562,1,1,0,1,2,6
0,1,0,1,337.5,0,0,0,0,28.88219178,7.142465753,0,0,0,18,3,15
0,1,1,0,157.5,0,0,0,0,41.03013699,9.726027397000001,0,0,1,4,2,44
0,0,1,0,112.5,1,1,0,0,43.3890411,7.380821918,1,1,0,18,2,42
0,0,1,0,135.0,0,1,4,0,39.43561644,2.517808219,0,1,0,3,1,8
0,0,1,0,180.0,0,0,0,0,43.76986301,2.3397260269999998,0,0,0,0,2,38
0,0,1,0,99.0,2,0,3,0,67.42739726,7.247955325,0,0,0,18,1,41
0,1,1,0,225.0,1,0,2,0,32.54520548,0.8438356159999999,1,1,0,2,2,47
1,1,0,0,121.5,0,1,0,0,42.23561644,4.624657534,1,1,0,18,2,4
0,0,1,0,56.25,2,1,0,0,65.91232877,7.247955325,0,1,0,18,2,2
1,0,1,1,202.5,1,1,0,0,41.32876712,11.04931507,0,0,1,18,3,49
0,0,1,1,315.0,1,1,3,2,51.49041096,5.046575342,0,1,0,9,2,35
1,1,1,0,427.5,0,1,2,0,54.50410959,3.367123288,0,0,0,3,2,28
1,0,1,0,148.5,0,1,0,0,23.80547945,3.391780822,0,1,0,0,2,18
0,0,1,1,121.5,0,0,0,0,30.15616438,2.087671233,0,0,0,18,3,46
1,0,0,0,247.5,2,1,1,0,41.19726027,6.049315067999999,0,0,0,0,1,30
0,1,1,0,157.5,0,1,0,0,40.69589041,6.717808219,0,1,0,18,2,55
0,0,1,3,202.5,0,1,0,0,43.26575342,17.08767123,1,1,0,5,3,11
0,0,1,0,315.0,0,1,0,0,59.83835616,4.471232877,0,0,0,2,2,33
0,0,0,3,180.0,0,1,0,0,45.50958904,22.92876712,0,0,0,18,3,57
1,1,0,0,180.0,0,1,1,0,44.68493151,1.679452055,0,0,0,0,1,22
1,0,1,0,31.5,2,1,0,0,61.81917808,7.247955325,0,0,0,18,2,7
1,0,0,0,391.5,0,1,1,2,25.32054795,1.3917808219999999,0,0,0,2,1,4
0,0,1,0,90.0,2,2,3,0,66.10684932,7.247955325,0,0,0,18,1,60
0,0,0,0,135.0,0,1,4,5,54.82739726,1.6,0,0,0,1,1,56
1,0,0,0,202.5,0,1,0,2,50.08493151,9.852054795,0,0,0,0,2,19
0,0,0,0,135.0,1,1,0,0,41.69315068,6.2054794520000005,0,1,0,3,2,39
0,1,0,0,135.0,1,1,0,0,28.61643836,0.6821917809999999,0,0,0,0,2,58
0,0,0,0,85.5,2,1,3,0,65.97808219,7.247955325,0,1,0,18,1,47
0,1,1,1,265.5,0,0,0,1,30.13150685,6.887671233,0,0,0,7,3,52
1,0,0,0,225.0,0,1,4,2,53.16712329,0.947945205,0,0,0,6,1,30
0,0,0,0,180.0,0,0,3,0,38.70410959,5.638356164,1,1,1,7,1,18
0,1,0,0,144.0,0,1,4,0,39.47123288,3.684931507,0,0,0,15,1,17
0,0,1,0,112.5,0,0,0,0,33.189041100000004,10.96986301,0,0,0,7,2,26
0,0,1,0,99.0,3,1,1,0,48.17534247,1.101369863,0,0,0,1,2,40
0,0,1,0,103.5,0,1,0,0,43.24657534,3.5835616439999995,0,0,0,5,2,13
0,0,0,0,180.0,0,1,3,0,37.7369863,7.353424658,0,0,0,11,1,24
0,1,0,0,144.0,0,1,0,0,47.62465753,2.438356164,1,1,0,1,2,54
0,0,0,0,157.5,2,1,0,2,56.68767123,7.247955325,0,0,0,18,2,3
0,0,1,0,157.5,0,1,1,0,48.04931507,21.03013699,0,1,0,10,1,4
0,0,1,1,211.5,3,1,2,0,44.41643836,19.44931507,0,0,0,1,3,24
1,0,0,0,135.0,2,1,0,0,62.36986301,7.247955325,0,1,0,18,2,19
1,1,1,0,315.0,0,1,0,0,47.52876712,6.630136986,0,0,0,3,2,11
1,1,0,1,135.0,1,1,1,0,35.69863014,4.454794521,0,1,0,0,3,4
0,0,0,0,157.5,0,1,4,0,49.21369863,0.539726027,0,0,0,9,1,22
0,0,0,0,180.0,0,0,0,0,29.77534247,3.468493151,1,1,1,7,2,53
1,0,0,1,76.5,0,1,0,0,28.10136986,1.4328767119999999,0,0,0,4,3,38
0,0,1,0,270.0,0,1,0,0,49.62739726,27.72876712,0,0,0,8,2,27
0,1,0,1,202.5,0,0,0,3,26.05479452,7.884931507,0,0,0,0,3,47
0,0,1,0,202.5,3,0,4,0,43.24383562,13.47671233,0,0,0,18,1,15
0,0,1,0,247.5,1,0,2,0,47.65479452,4.682191781,1,1,0,1,2,43
1,1,0,1,180.0,1,1,0,0,30.38630137,3.180821918,0,0,0,0,3,24
1,0,0,0,90.0,0,1,1,1,27.12328767,0.465753425,1,0,0,4,1,54
0,1,1,1,193.5,1,0,0,0,39.20547945,19.31506849,0,1,0,2,3,5
1,1,1,1,216.0,0,1,0,3,46.71506849,3.991780822,0,0,0,0,3,47
0,0,1,0,315.0,0,1,0,0,49.36438356,30.56712329,0,0,0,10,2,29
0,0,1,0,148.5,2,1,0,0,52.8109589,7.247955325,0,0,0,18,2,28
0,0,1,1,135.0,0,2,0,0,43.69315068,25.64109589,0,0,0,18,3,42
0,0,1,0,135.0,0,1,1,0,49.94520548,0.473972603,0,0,0,5,1,57
1,1,1,3,315.0,0,0,0,0,37.81643836,0.438356164,1,1,0,18,3,6
1,1,0,1,225.0,0,1,0,0,41.76164384,19.89041096,1,1,0,8,3,28
1,1,1,0,90.0,0,1,0,0,52.33150685,4.715068493,0,0,0,18,2,21
0,0,1,0,99.0,0,1,0,0,42.71232877,2.438356164,0,0,0,2,2,38
1,0,0,0,157.5,0,1,0,0,50.210958899999994,19.96712329,1,0,0,0,2,16
0,0,0,1,90.0,2,1,0,0,50.16164384,7.247955325,0,0,0,18,3,55
0,0,1,1,180.0,2,0,0,0,51.99726027,7.247955325,0,1,0,18,3,19
0,0,1,0,121.5,0,1,0,0,40.72876712,16.41643836,0,0,0,5,2,58
1,1,0,0,306.0,0,2,2,0,31.63835616,4.536986301000001,0,1,1,0,2,11
0,0,1,0,225.0,1,1,4,0,57.3260274,2.8767123289999996,0,0,0,9,1,1
1,1,0,0,139.5,0,1,0,0,50.22739726,22.30958904,1,1,0,4,2,28
0,1,1,0,256.5,1,0,1,0,30.71232877,4.7232876710000005,1,0,0,7,2,46
1,0,1,1,81.0,0,1,0,0,33.73424658,3.008219178,0,0,0,0,3,0
0,1,1,0,360.0,1,1,0,0,52.14520548,9.684931507,0,0,0,2,2,9
0,0,1,0,180.0,0,1,1,0,53.20821918,5.526027397000001,0,0,0,18,1,5
0,0,0,3,337.5,0,1,0,0,30.10958904,5.956164384,0,0,0,1,3,9
0,0,0,3,292.5,1,1,0,0,33.88493151,1.84109589,0,0,0,1,3,17
1,0,0,0,391.5,0,1,1,2,25.32054795,1.3917808219999999,0,0,0,2,1,18
0,1,1,0,225.0,2,0,0,0,60.15068493,7.247955325,0,1,0,18,2,47
0,1,1,0,148.5,1,1,0,4,46.86849315,6.238356164,0,0,0,1,2,27
0,0,0,1,112.5,0,1,2,1,35.12876712,7.597260274,0,0,0,0,3,5
1,0,1,0,270.0,1,1,1,2,49.36986301,4.369863014,0,0,0,11,1,5
0,1,1,3,135.0,3,1,0,0,40.22739726,14.67123288,0,0,0,2,3,35
0,1,1,0,135.0,2,1,0,0,60.59726027,7.247955325,0,0,0,18,2,35
0,0,1,1,108.0,0,1,0,0,34.85753425,3.101369863,1,1,0,2,3,55
0,1,0,1,108.0,1,0,0,0,44.21369863,1.180821918,1,0,0,2,3,42
1,1,1,0,180.0,0,1,0,0,34.53150685,7.178082192000001,1,1,0,3,2,48
1,0,1,1,126.0,1,1,2,0,34.94520548,5.767123288,0,0,0,18,3,39
1,0,0,0,716.3235,3,1,1,1,25.69041096,6.665753425,0,0,0,0,1,35
0,0,0,0,90.0,2,1,1,2,55.136986300000004,7.247955325,0,0,0,18,1,51
1,1,1,0,126.0,0,1,0,0,52.83835616,9.55890411,1,0,0,6,2,13
0,0,1,3,270.0,3,0,1,0,28.56164384,7.520547945,0,0,0,1,3,31
0,0,1,0,81.0,0,1,1,0,53.38082192,0.46027397299999995,0,0,0,18,1,53
0,1,0,3,135.0,0,1,0,0,38.15890411,8.361643836,0,0,0,0,3,9
0,1,1,1,135.0,0,1,1,0,29.85753425,1.098630137,0,0,0,18,2,10
0,0,1,0,112.5,2,1,0,0,61.14794521,7.247955325,0,0,0,18,2,38
1,1,0,0,292.5,2,0,1,0,38.49315068,10.08219178,1,1,0,0,1,41
0,0,1,0,157.5,2,1,2,0,59.59178082,7.247955325,0,0,0,18,2,14
1,0,1,0,90.0,0,1,2,0,41.47945205,4.178082192,1,1,0,12,2,7
1,1,1,0,157.5,0,1,0,0,28.23287671,0.424657534,0,0,0,0,2,21
1,0,1,0,270.0,1,1,0,0,35.51780822,6.430136986,0,0,0,4,2,31
0,0,1,0,112.5,0,1,0,0,58.24383562,30.88219178,0,0,0,18,2,33
0,0,1,0,126.0,1,0,1,0,51.8,6.767123288,0,0,0,2,1,22
0,0,0,0,157.5,2,1,3,0,65.88493151,7.247955325,0,0,0,18,1,14
1,1,1,3,900.0,1,0,0,0,27.09315068,2.7397260269999997,0,0,0,3,3,53
1,1,1,0,202.5,0,1,0,0,40.70684932,3.0383561639999996,0,0,0,0,2,20
0,0,0,0,135.0,1,2,1,0,48.26027397,0.928767123,0,0,0,7,1,52
0,0,0,0,157.5,2,1,0,0,62.23835616,7.247955325,0,0,0,18,2,56
0,0,1,0,216.0,2,1,4,0,54.86027397,7.247955325,0,0,0,18,1,23
0,0,0,0,135.0,0,1,4,0,43.52876712,1.369863014,1,1,0,0,1,47
1,1,0,0,202.5,0,1,0,1,37.5890411,3.819178082,0,0,0,0,2,42
0,1,0,0,81.0,2,1,0,0,59.3260274,7.247955325,0,0,0,18,2,45
1,1,1,0,180.0,2,0,0,0,64.50958904,7.247955325,0,0,0,18,2,50
0,0,0,0,225.0,3,1,1,4,40.94794521,10.18082192,0,0,0,18,1,1
0,0,1,1,135.0,2,1,2,0,52.863013699999996,7.247955325,0,0,0,18,3,38
0,0,1,0,135.0,2,1,4,0,66.64109589,7.247955325,0,0,0,18,1,49
0,0,0,0,135.0,0,0,1,0,29.44931507,6.55890411,0,0,0,0,1,8
0,0,1,1,135.0,0,1,0,0,51.71232877,7.3287671229999996,0,0,0,11,3,14
0,1,0,0,112.5,0,0,0,0,32.31780822,5.846575342,0,0,0,0,2,33
0,1,0,0,180.0,2,0,3,0,64.66575342,7.247955325,0,0,0,18,1,22
1,1,1,0,112.5,0,1,0,0,47.39726027,3.383561644,0,0,0,4,2,57
1,0,1,0,292.5,0,1,0,0,30.44109589,9.178082192,0,0,0,8,2,20
0,0,1,0,202.5,2,1,3,0,64.6630137,7.247955325,0,1,0,18,1,44
1,0,0,0,171.0,1,2,1,0,31.80821918,0.454794521,1,1,0,8,1,25
1,1,1,0,247.5,1,0,0,0,54.23561644,3.287671233,0,0,1,8,2,22
1,0,0,1,135.0,0,1,0,0,27.64109589,7.553424658,1,0,0,0,3,33
1,1,1,1,450.0,1,1,1,0,49.789041100000006,1.8575342469999998,0,1,1,1,1,16
1,1,1,1,270.0,0,1,0,0,27.72328767,3.408219178,1,0,0,4,3,0
0,1,0,3,162.0,1,2,0,0,26.47123288,2.180821918,1,1,0,1,3,50
1,1,1,1,225.0,1,1,0,0,41.90684932,11.62739726,1,0,0,4,3,38
0,0,1,0,90.0,0,1,1,0,51.98630137,2.057534247,1,1,0,1,2,38
0,0,1,0,67.5,0,1,0,0,54.15342466,15.79178082,0,0,0,5,2,4
0,0,1,0,180.0,0,1,0,0,51.41643836,5.046575342,0,0,0,9,2,47
0,0,0,1,135.0,3,0,0,0,25.90136986,2.8,1,0,0,3,3,50
1,1,1,3,135.0,0,1,0,0,38.78356164,6.01369863,1,1,0,18,3,37
0,1,1,0,225.0,0,1,4,0,54.27123288,4.216438356,0,0,0,9,1,27
0,0,0,1,225.0,1,1,1,0,38.32054795,2.698630137,0,0,1,7,2,22
0,0,1,1,675.0,1,1,1,0,42.33424658,2.356164384,0,0,0,6,2,18
1,1,1,0,135.0,0,0,0,0,32.18082192,1.098630137,1,1,0,3,2,39
0,0,0,3,99.0,3,1,0,0,39.34246575,12.76712329,0,1,1,9,3,32
1,0,1,0,157.5,0,1,0,0,64.1260274,7.169863014,0,0,0,6,2,5
1,1,1,0,90.0,0,1,2,0,35.1260274,0.424657534,0,0,0,0,2,27
1,1,0,0,292.5,1,1,0,0,57.1890411,7.457534247000001,0,0,0,18,2,19
0,1,1,0,202.5,2,1,0,0,64.08219178,7.247955325,0,0,0,18,2,37
0,0,1,0,153.0,2,0,0,0,59.99726027,7.247955325,0,1,0,18,2,3
0,1,1,0,247.5,0,1,0,0,50.09041096,3.0493150680000003,0,0,0,18,2,8
0,0,1,0,126.0,0,1,0,0,65.3260274,5.882191781,0,1,0,7,2,56
1,0,0,1,157.5,0,1,0,0,44.99726027,3.994520548,0,0,0,4,3,31
0,0,0,0,94.5,2,1,0,0,58.15068493,7.247955325,0,1,1,18,2,6
0,1,1,1,112.5,1,1,0,0,41.39452055,5.35890411,0,0,0,1,3,32
0,1,1,1,67.5,0,1,0,1,47.13972603,3.838356164,0,0,0,0,3,0
1,0,1,1,405.0,1,0,0,0,32.44383562,5.523287671,0,0,0,3,3,29
0,0,1,0,135.0,2,1,1,0,63.41369863,7.247955325,0,0,0,18,1,6
1,1,0,3,180.0,1,1,0,0,39.59452055,11.64109589,0,0,0,4,1,35
0,0,1,0,202.5,3,0,4,0,43.24383562,13.47671233,0,0,0,18,1,52
1,1,0,0,157.5,0,2,0,1,24.99726027,2.630136986,1,0,0,4,2,16
1,1,1,0,202.5,0,0,0,0,48.17808219,8.265753425,0,0,0,4,2,10
0,0,1,1,171.0,3,0,3,0,56.38630137,4.797260274,0,0,0,17,2,16
1,1,1,0,238.5,0,0,0,1,33.3890411,7.128767122999999,0,0,0,0,2,4
0,0,0,0,67.5,3,1,0,5,49.92054795,20.46849315,0,0,0,8,2,14
0,0,1,0,90.0,2,1,4,0,67.47671233,7.247955325,0,0,0,18,1,42
1,1,0,1,405.0,1,1,0,0,40.38356164,3.928767123,0,1,0,3,3,33
0,0,1,1,270.0,0,1,0,0,52.16438356,3.84109589,1,1,0,3,3,47
1,1,1,3,360.0,0,1,0,0,36.89041096,2.298630137,0,1,0,3,3,14
1,0,1,0,225.0,0,1,1,0,28.84931507,6.378082192000001,0,0,0,0,1,43
0,0,0,1,225.0,0,1,0,0,30.410958899999997,8.542465753,0,0,0,7,3,31
1,0,1,1,90.0,1,1,0,1,22.78356164,0.40821917799999996,0,0,0,0,3,28
0,0,0,0,157.5,1,1,0,0,52.06575342,4.301369863,0,0,0,18,2,54
0,0,1,1,180.0,0,0,0,0,32.60273973,2.0027397259999997,0,0,1,2,3,46
0,1,0,0,117.0,2,1,2,0,59.136986300000004,7.247955325,0,1,0,18,2,22
0,0,0,1,202.5,1,1,3,2,33.07671233,3.8904109589999996,0,0,0,18,2,16
1,1,1,0,315.0,1,1,0,0,42.49041096,3.2575342469999997,1,1,0,4,2,37
0,0,1,0,90.0,1,1,0,0,40.98630137,7.849315067999999,0,0,0,0,2,50
0,1,1,0,225.0,2,1,1,0,59.98630137,7.247955325,0,0,0,18,1,7
1,0,0,0,202.5,3,0,0,0,34.8630137,13.71506849,0,0,0,1,2,3
1,1,0,3,112.5,0,0,0,0,29.83561644,5.298630137,0,0,0,4,3,55
1,0,1,1,126.0,1,1,2,0,34.94520548,5.767123288,0,0,0,18,3,28
0,0,1,0,225.0,2,1,0,2,59.35342466,7.247955325,0,1,0,18,2,58
0,0,0,0,135.0,0,1,0,0,48.77534247,29.48493151,0,0,0,7,2,43
1,1,0,0,202.5,0,1,0,0,23.71232877,2.923287671,0,1,1,1,2,24
0,0,0,0,135.0,0,1,4,5,54.82739726,1.6,0,0,0,1,1,36
0,0,1,0,148.5,2,1,0,0,57.11232877,7.247955325,0,0,0,18,2,55
1,1,0,0,162.0,2,0,0,0,54.93972603,7.247955325,0,0,0,18,2,44
1,1,1,1,112.5,0,1,0,0,44.39452055,2.534246575,1,1,0,4,3,59
0,0,0,0,112.5,2,1,3,2,59.25753425,7.247955325,0,0,0,18,1,28
1,1,1,3,247.5,0,1,0,0,47.45205479,1.465753425,0,0,0,0,3,30
0,0,0,0,180.0,2,1,2,2,56.43835616,0.542465753,0,0,0,0,2,20
0,1,1,1,360.0,0,0,0,0,31.83287671,6.780821917999999,0,0,0,18,3,8
0,0,1,0,135.0,2,1,4,0,67.34246575,7.247955325,0,0,0,18,1,42
0,0,1,0,135.0,2,1,3,0,59.69863014,7.247955325,0,0,0,18,1,53
1,1,0,0,135.0,0,1,0,0,38.92876712,0.265753425,0,0,0,6,2,45
1,1,0,1,180.0,0,1,0,0,29.8630137,3.934246575,0,0,0,2,3,26
0,0,1,0,157.5,0,1,2,4,36.72328767,10.70684932,0,1,0,18,2,16
0,0,0,3,315.0,3,0,0,0,35.2,10.51780822,0,0,1,1,3,33
0,0,1,1,112.5,0,1,1,0,40.84383562,2.378082192,0,0,0,11,2,24
0,0,1,3,103.5,0,1,0,0,33.37534247,13.3890411,1,0,0,18,3,28
1,0,0,0,180.0,0,1,1,0,25.69863014,4.693150685,1,1,0,18,1,16
1,1,0,0,157.5,0,2,1,1,24.99726027,2.630136986,1,0,0,4,2,14
0,0,0,0,76.5,0,1,4,0,53.99726027,8.961643836,0,0,0,2,1,48
0,1,1,0,90.0,0,1,0,0,51.91780822,2.7452054789999996,1,1,0,11,2,34
0,0,1,0,90.0,0,1,0,0,47.79178082,3.0465753419999997,1,0,0,0,2,51
0,0,1,0,103.5,0,1,1,0,47.83835616,5.846575342,0,0,0,2,1,27
1,0,1,0,135.0,0,1,0,0,54.20547945,4.304109588999999,0,0,0,0,2,29
1,0,0,0,247.5,3,1,1,0,41.19726027,6.049315067999999,0,0,0,0,1,8
0,0,1,0,225.0,1,1,0,0,62.73150685,4.964383562,0,0,0,3,2,14
0,0,1,0,238.5,3,0,0,0,41.3890411,5.263013699,0,1,0,18,2,46
0,1,1,0,225.0,1,1,1,0,33.08219178,3.917808219,0,1,0,8,1,43
1,1,0,0,135.0,0,1,0,0,24.38082192,6.37260274,1,1,0,14,2,7
1,0,0,0,135.0,2,1,0,0,62.36986301,7.247955325,0,1,0,18,2,30
1,1,1,0,202.5,0,0,0,0,48.17808219,8.265753425,0,0,0,4,2,37
0,0,1,0,112.5,2,1,0,0,58.41643836,7.247955325,0,0,0,18,2,46
1,1,1,0,315.0,1,1,0,0,57.75342466,11.96986301,1,1,0,8,2,58
0,1,0,0,112.5,1,1,3,0,48.33150685,28.64109589,1,1,0,5,1,57
0,1,1,0,135.0,0,1,2,0,49.56164384,25.1890411,0,0,0,5,2,20
0,1,1,0,225.0,1,1,1,0,33.08219178,3.917808219,0,1,0,8,1,40
0,0,1,0,112.5,1,1,0,0,43.3890411,7.380821918,1,1,0,18,2,19
0,1,0,0,315.0,0,1,0,0,53.2630137,11.13424658,0,0,0,3,2,52
1,0,0,1,472.5,2,0,0,1,24.40273973,2.5013698630000003,0,0,1,18,3,14
0,0,1,0,148.5,2,1,0,0,62.39452055,7.247955325,0,0,0,18,2,10
0,0,1,0,292.5,0,1,0,0,33.91506849,12.2,0,0,1,2,2,41
1,1,0,1,148.5,1,1,0,0,35.42465753,7.849315067999999,1,1,0,4,3,14
0,0,1,0,67.5,0,1,0,0,40.24657534,1.380821918,0,0,0,11,2,2
1,1,1,0,202.5,0,1,2,0,29.82465753,3.6027397260000003,1,0,0,0,2,20
0,1,1,0,252.0,1,0,0,0,41.189041100000004,1.2164383559999998,0,0,0,3,2,11
0,0,1,0,67.5,1,0,3,0,51.92328767,1.3671232880000002,0,1,0,1,1,53
0,1,0,0,135.0,0,2,2,0,27.58356164,0.6,1,0,0,2,2,41
0,0,1,1,315.0,0,0,0,0,31.78630137,3.98630137,0,0,0,3,3,25
0,1,1,0,90.0,0,1,0,0,51.91780822,2.7452054789999996,1,1,0,11,2,54
0,0,1,0,90.0,2,1,0,0,60.30410959,7.247955325,0,0,0,18,2,39
0,0,1,0,117.0,0,1,0,0,25.77808219,2.819178082,0,0,0,0,2,11
0,0,1,0,135.0,0,1,0,0,32.61643836,6.767123288,0,1,1,11,2,10
1,1,1,0,360.0,1,2,0,0,54.33972603,1.306849315,0,0,0,3,2,38
1,0,0,0,202.5,0,0,1,0,35.09863014,11.85479452,0,0,0,18,1,14
1,1,0,0,459.0,1,1,0,0,43.78082192,0.326027397,1,1,0,4,2,14
0,0,0,0,202.5,0,0,0,0,44.10958904,13.53150685,0,1,0,1,2,11
0,1,1,1,265.5,0,0,0,1,30.13150685,6.887671233,0,0,0,7,3,11
0,0,1,0,157.5,0,1,0,0,42.43287671,6.720547945,0,0,0,0,2,9
1,0,0,0,225.0,0,1,4,2,53.16712329,0.947945205,0,0,0,6,1,7
1,0,0,0,360.0,1,0,0,0,42.43835616,9.438356164,0,0,0,18,2,36
0,0,1,0,202.5,0,1,3,0,38.1369863,2.476712329,0,0,0,1,1,15
0,0,1,0,90.0,2,1,0,0,56.64383562,7.247955325,0,1,0,18,2,4
1,0,1,0,180.0,0,1,0,0,54.76986301,4.6356164380000004,1,1,0,6,2,23
1,1,1,1,360.0,1,0,0,3,29.64657534,7.8,0,0,0,3,3,23
0,1,1,1,315.0,1,0,0,0,45.78082192,8.471232877,0,0,0,3,3,38
0,0,1,0,90.0,2,1,0,0,60.010958900000006,7.247955325,0,1,0,18,2,2
1,0,0,0,391.5,0,1,1,2,25.32054795,1.3917808219999999,0,0,0,2,1,21
0,1,0,1,247.5,1,1,1,0,41.34246575,17.79452055,0,0,0,2,2,21
1,0,1,0,112.5,0,1,1,3,25.17260274,3.2684931510000004,0,0,0,0,1,13
0,0,0,0,112.5,3,0,0,0,37.189041100000004,0.515068493,0,1,0,1,2,28
1,0,1,1,157.5,0,1,0,0,42.81369863,6.342465753,0,0,0,18,3,37
1,1,0,0,180.0,1,1,1,4,26.60273973,3.769863014,1,1,0,4,1,57
1,1,0,1,225.0,1,0,0,1,34.34794521,10.30136986,1,0,0,8,3,38
1,0,0,1,270.0,0,1,0,0,27.24109589,1.517808219,1,0,0,3,3,24
0,0,1,0,144.0,3,1,0,0,49.68767123,27.69863014,0,1,0,8,2,39
1,1,1,0,360.0,1,0,0,0,26.41917808,4.216438356,0,0,0,8,2,24
0,0,1,1,126.0,0,1,0,0,33.26027397,2.134246575,0,0,0,1,3,54
1,1,1,0,189.0,2,1,3,0,54.82465753,7.247955325,0,0,0,18,1,22
0,0,0,1,103.5,0,1,0,0,32.10958904,3.2630136989999996,0,0,0,2,3,4
0,0,1,0,121.5,0,1,0,0,51.97534247,22.35890411,0,0,0,3,2,34
0,0,0,1,180.0,0,0,0,0,31.8630137,10.326027400000001,0,0,0,0,3,44
0,1,0,1,270.0,0,1,2,0,33.91780822,5.780821917999999,0,0,0,0,3,40
0,0,0,0,90.0,1,1,1,1,21.25205479,2.465753425,0,0,0,2,1,20
1,1,1,1,135.0,0,1,0,0,29.89041096,3.934246575,1,0,0,6,3,37
0,1,1,0,360.0,3,0,3,0,52.89041096,5.219178082,0,0,0,1,1,19
1,0,1,0,90.0,1,1,2,0,45.09315068,1.928767123,1,0,0,12,2,34
0,0,1,0,135.0,0,2,0,0,35.72054795,4.430136986,0,0,1,18,2,25
0,1,1,1,315.0,3,0,0,0,38.36712329,0.8,0,0,0,3,3,49
1,1,0,0,270.0,0,1,0,0,49.04383562,9.893150685,0,0,0,0,2,12
0,0,0,0,270.0,3,1,0,0,55.07671233,3.9561643839999996,1,1,0,14,2,31
0,0,1,0,121.5,0,1,0,0,56.44383562,0.37808219200000004,0,0,0,11,2,9
0,0,0,0,135.0,1,1,0,0,41.69315068,6.2054794520000005,0,1,0,3,2,59
1,1,0,3,135.0,3,1,0,0,38.46027397,17.96712329,1,1,0,1,3,34
1,1,1,0,270.0,3,1,0,0,31.15616438,10.67671233,0,0,0,1,2,30
1,0,1,0,225.0,2,1,0,0,62.86575342,7.247955325,0,0,0,18,2,15
1,1,0,1,450.0,0,0,0,0,26.97808219,1.375342466,0,1,1,1,3,31
0,1,0,0,72.0,0,1,0,0,41.60273973,0.621917808,1,1,0,5,2,39
0,0,1,0,225.0,0,1,0,0,56.77534247,15.30684932,0,0,0,18,2,5
0,0,0,0,103.5,2,0,1,0,67.24109589,7.247955325,0,0,0,18,1,28
0,0,1,0,81.0,0,1,0,0,54.50136986,14.69863014,1,1,0,18,2,15
0,0,1,0,45.0,2,1,0,0,56.67945205,7.247955325,0,1,0,18,2,55
0,0,1,0,135.0,2,1,0,0,57.50410959,7.247955325,0,1,0,18,2,57
0,1,0,3,162.0,1,2,0,0,26.47123288,2.180821918,1,1,0,1,3,44
1,0,1,0,315.0,1,0,1,0,28.76438356,1.493150685,0,0,1,0,1,32
0,0,1,1,135.0,0,1,0,0,27.70410959,8.684931507,1,1,0,0,3,7
1,0,0,0,67.5,0,1,0,0,51.16164384,14.53150685,1,1,0,6,2,12
1,0,1,0,76.5,2,1,0,0,60.09041096,7.247955325,0,1,0,18,2,9
1,1,1,0,202.5,2,1,0,0,61.50136986,7.247955325,0,0,0,18,2,52
0,0,1,1,76.5,1,1,1,0,39.83561644,9.178082192,0,1,0,11,2,5
1,0,1,0,157.5,0,1,0,0,42.84931507,3.6383561639999997,0,0,0,1,2,18
0,0,1,1,360.0,1,1,0,0,46.86575342,7.805479452,0,0,0,3,3,34
0,0,1,0,225.0,1,0,1,0,56.08219178,25.39452055,0,0,0,1,1,3
1,0,1,1,180.0,0,3,0,0,28.9890411,4.6356164380000004,1,0,0,18,3,52
0,0,1,0,135.0,1,1,4,5,55.28219178,4.676712329,0,0,0,2,1,23
0,1,1,0,76.5,2,1,0,0,65.30136986,7.247955325,0,0,0,18,2,9
0,1,1,0,162.0,2,0,0,0,65.44109589,7.247955325,0,1,0,18,2,28
0,0,1,0,103.5,2,1,4,0,62.69041096,7.247955325,0,0,0,18,1,37
1,0,0,0,157.5,0,1,0,0,35.82739726,4.178082192,1,0,0,4,2,27
0,0,1,0,202.5,0,1,0,0,39.789041100000006,9.369863014,0,0,0,1,2,4
0,0,1,0,171.0,0,1,1,0,54.46849315,23.02739726,0,1,0,7,1,18
1,0,1,0,90.0,2,1,2,0,56.61095890000001,7.247955325,0,0,0,18,2,18
0,0,1,0,225.0,2,1,1,0,63.79726027,7.247955325,0,0,0,18,1,18
0,0,0,0,180.0,2,1,0,0,60.64109589,7.247955325,0,0,0,18,2,19
1,1,0,1,135.0,0,1,0,0,26.28493151,2.37260274,0,0,0,0,3,29
0,0,1,1,45.0,1,1,0,0,42.78356164,2.8958904110000003,1,0,0,9,3,55
1,0,1,0,135.0,3,0,0,0,52.36438356,7.7150684929999995,0,1,0,1,2,46
0,0,0,0,135.0,0,1,0,0,42.463013700000005,2.380821918,0,0,0,10,2,2
0,0,1,0,121.5,2,1,0,0,61.83835616,7.247955325,0,1,0,18,2,11
0,0,1,0,360.0,3,1,3,0,32.76164384,7.7150684929999995,0,0,0,5,1,7
1,1,0,3,225.0,0,1,0,0,40.48219178,6.060273972999999,0,0,0,4,3,9
0,0,1,1,112.5,0,1,2,0,40.72876712,17.16438356,0,0,0,0,3,32
0,0,0,0,270.0,3,0,0,0,31.37260274,6.043835616,0,1,0,7,2,40
1,1,1,0,315.0,1,1,0,0,59.18082192,4.383561643999999,0,1,0,3,2,48
0,1,1,1,270.0,0,0,3,0,38.49863014,0.383561644,0,1,0,2,2,37
0,0,1,1,202.5,0,0,1,0,27.68767123,0.254794521,0,1,0,7,2,58
0,0,1,0,292.5,1,0,0,0,51.89589041,13.29863014,1,0,0,2,2,26
1,0,0,1,315.0,1,0,0,0,50.19452055,0.301369863,0,1,0,18,3,15
1,1,1,0,135.0,0,1,0,0,29.34794521,0.594520548,0,0,0,0,2,13
0,0,1,0,270.0,1,1,1,0,58.04109589,6.523287671,0,0,0,7,1,26
1,1,1,0,211.5,2,1,0,0,41.22465753,20.69315068,0,0,0,1,2,7
1,0,1,0,180.0,0,1,3,0,49.21917808,0.597260274,0,0,0,0,1,27
0,1,0,0,315.0,1,0,0,0,37.14246575,1.605479452,1,1,0,18,2,36
0,0,0,1,157.5,0,1,0,0,27.63561644,7.967123288,1,1,0,2,3,16
1,1,0,1,135.0,0,1,0,0,26.28493151,2.37260274,0,0,0,0,3,10
0,0,0,0,112.5,3,1,4,0,52.863013699999996,14.37260274,1,0,0,18,1,23
1,1,0,0,270.0,0,1,2,0,41.89589041,1.767123288,1,1,0,4,2,22
0,0,0,1,180.0,0,1,0,0,28.46575342,2.767123288,1,0,0,18,3,8
1,0,1,0,247.5,3,1,0,0,37.17808219,14.69589041,0,0,0,5,2,19
0,0,0,0,180.0,2,0,1,0,58.05753425,7.247955325,0,1,0,18,1,60
0,0,0,0,175.5,0,1,1,0,51.07671233,1.802739726,0,0,0,8,1,40
0,0,1,0,216.0,2,1,4,0,54.86027397,7.247955325,0,0,0,18,1,35
0,0,1,0,135.0,1,1,0,0,42.44109589,1.380821918,0,0,0,0,2,17
0,0,1,1,121.5,0,0,0,0,30.15616438,2.087671233,0,0,0,18,3,17
0,0,1,0,256.5,1,0,3,0,53.70958904,2.657534247,0,0,0,3,1,34
1,1,0,0,180.0,0,1,0,0,41.51506849,8.610958904,1,1,0,0,2,9
1,1,1,0,157.5,1,1,0,0,55.72876712,18.77534247,0,0,0,0,2,8
1,1,1,1,450.0,2,1,0,0,49.789041100000006,1.8575342469999998,0,1,1,1,3,16
0,0,1,3,180.0,0,2,3,0,33.56986301,9.578082192,1,0,0,18,3,51
0,0,1,0,216.0,2,1,4,0,54.86027397,7.247955325,0,0,0,18,1,22
1,1,0,0,135.0,1,1,0,0,31.34246575,12.77534247,0,0,0,8,2,23
0,1,1,0,126.0,1,1,0,0,28.22465753,2.010958904,0,0,0,1,2,4
0,0,0,0,112.5,2,1,1,2,58.52876712,7.247955325,0,0,0,18,2,48
0,1,1,3,540.0,0,0,1,0,38.79452055,1.156164384,0,1,1,18,3,6
1,0,0,0,81.0,0,1,2,0,38.93424658,0.43287671200000005,1,0,0,12,2,15
0,0,0,0,67.5,2,1,4,0,63.75616438,7.247955325,0,1,0,18,1,43
0,1,0,3,162.0,1,2,0,0,26.47123288,2.180821918,1,1,0,1,3,58
0,0,0,0,108.0,2,1,4,0,60.77260274,7.247955325,0,0,0,18,1,26
0,0,0,1,112.5,0,1,0,0,27.57534247,1.347945205,1,0,0,11,3,10
0,0,0,0,135.0,0,1,0,0,43.39452055,4.178082192,1,1,0,2,2,6
0,0,1,0,216.0,0,1,0,0,49.49863014,17.85479452,1,1,1,8,2,31
0,0,0,0,67.5,1,0,3,0,51.92328767,1.3671232880000002,0,1,0,1,1,5
1,1,1,3,450.0,1,0,0,0,48.87945205,11.79452055,1,1,0,3,3,25
1,1,1,0,405.0,0,1,0,0,49.29041096,1.871232877,0,0,0,2,2,57
1,0,0,1,130.5,0,2,0,3,31.04383562,4.953424658,1,1,0,18,3,36
0,0,1,0,112.5,2,1,0,0,59.81369863,7.247955325,0,1,0,18,2,37
1,0,1,0,135.0,3,1,0,3,28.62465753,6.364383562,1,0,1,18,2,14
0,0,1,1,180.0,0,0,3,0,45.35342466,6.767123288,0,0,1,18,2,22
0,0,1,0,202.5,2,1,4,0,57.87945205,7.247955325,0,0,0,18,1,55
0,0,1,0,270.0,0,0,1,0,28.46575342,2.180821918,0,0,0,2,1,24
0,0,1,1,157.5,3,0,0,0,42.8630137,11.726027400000001,0,0,0,1,3,39
1,1,0,3,225.0,0,1,0,0,40.48219178,6.060273972999999,0,0,0,4,1,30
0,0,1,0,90.0,0,1,2,1,39.41369863,0.380821918,1,1,0,2,2,43
0,1,1,0,90.0,1,1,0,0,38.6739726,6.216438356,0,0,0,5,2,21
0,0,0,0,292.5,1,1,2,0,51.22739726,29.473972600000003,0,0,0,0,2,47
0,0,0,0,112.5,1,1,0,0,55.57534247,4.7506849319999995,1,1,0,8,2,48
0,0,1,0,45.0,2,3,0,0,60.95890411,7.247955325,0,0,0,18,2,29
0,0,1,0,135.0,0,1,2,0,40.58630137,1.347945205,0,0,0,0,2,9
1,0,1,0,90.0,2,1,0,0,51.67945205,4.504109589,0,0,1,18,2,14
0,1,0,0,189.0,1,1,0,0,48.94246575,1.931506849,1,0,0,8,2,6
0,0,1,1,112.5,0,1,0,0,27.08219178,5.676712329,0,0,1,2,3,11
0,0,1,0,112.5,2,1,4,0,58.23561644,7.247955325,0,1,0,18,1,16
0,0,1,0,270.0,0,0,1,0,28.46575342,2.180821918,0,0,0,2,1,47
1,0,0,0,135.0,0,1,0,0,40.69589041,9.638356164,1,0,0,4,2,0
0,0,1,0,202.5,0,1,3,0,52.14246575,10.34520548,0,0,0,0,1,6
0,0,1,1,157.5,3,0,0,0,42.8630137,11.726027400000001,0,0,0,1,3,60
1,0,1,1,157.5,0,1,0,0,30.21369863,0.36438356200000005,1,1,0,6,3,12
0,0,0,3,193.5,1,3,2,0,26.29041096,6.698630137,0,0,1,7,3,12
0,1,1,0,225.0,0,1,0,0,48.00547945,4.797260274,0,1,0,8,2,34
1,0,0,0,247.5,1,1,0,3,52.03561644,4.78630137,0,0,1,6,2,39
1,1,1,1,225.0,3,0,0,0,34.96712329,6.178082192000001,0,1,0,1,3,10
0,1,0,0,135.0,2,1,0,0,63.90136986,7.247955325,0,1,0,18,2,9
0,0,1,0,225.0,1,1,0,0,33.76712329,0.5123287670000001,0,0,0,1,2,28
0,0,1,0,157.5,0,1,2,4,36.72328767,10.70684932,0,1,0,18,2,59
1,1,0,3,135.0,0,1,0,0,30.15890411,0.295890411,1,1,0,4,3,39
0,0,1,3,135.0,0,1,0,0,34.95890411,4.15890411,0,0,0,18,3,17
1,1,0,0,225.0,1,1,1,0,47.87123288,7.208219177999999,0,0,0,3,1,28
0,1,0,0,225.0,0,0,0,0,55.51780822,6.934246575,1,1,0,7,2,22
0,0,1,0,165.15,2,0,0,0,64.03287671,7.247955325,0,0,0,18,2,39
0,0,1,0,121.5,2,1,4,0,58.5369863,7.247955325,0,0,0,18,1,32
1,0,1,0,148.5,0,1,0,0,23.80547945,3.391780822,0,1,0,0,2,5
0,1,0,1,225.0,1,1,3,0,32.09315068,4.7671232880000005,0,0,1,1,2,44
0,0,1,0,135.0,2,1,0,0,58.51506849,7.247955325,0,0,0,18,2,13
0,0,1,0,157.5,0,1,2,4,36.72328767,10.70684932,0,1,0,18,2,54
0,0,1,0,135.0,2,1,3,0,59.21369863,7.247955325,0,0,0,18,1,41
0,0,0,0,157.5,2,1,0,0,55.49315068,7.247955325,0,0,0,18,2,9
1,0,1,1,202.5,1,1,3,0,34.08219178,1.378082192,0,1,0,1,2,54
0,0,1,3,292.5,1,1,0,0,33.88493151,1.84109589,0,0,0,1,3,26
1,1,1,0,126.0,0,0,1,0,39.78630137,2.364383562,1,0,0,3,1,33
0,1,1,3,540.0,0,0,1,0,38.79452055,1.156164384,0,1,1,18,3,26
1,1,1,0,202.5,0,1,0,0,51.37534247,32.61917808,0,1,0,0,2,38
0,0,0,0,117.0,0,1,0,0,56.86027397,6.383561643999999,0,0,0,18,2,51
1,1,1,0,202.5,0,0,1,0,48.17808219,8.265753425,0,0,0,4,2,34
0,0,1,0,171.0,1,1,1,0,55.07671233,7.389041096000001,0,0,0,9,2,16
0,1,0,1,135.0,0,1,0,0,43.70410959,1.052054795,1,0,0,2,3,21
0,0,1,0,153.0,0,0,1,0,29.48493151,1.871232877,0,1,0,1,1,13
1,0,1,3,99.0,0,1,0,0,38.97534247,2.8109589039999996,1,1,0,0,3,50
0,0,0,0,72.0,0,1,1,0,51.50410959,4.016438356,1,0,0,9,1,14
0,0,1,0,157.5,0,0,0,0,48.74246575,13.89589041,0,0,0,18,2,24
0,0,1,0,166.5,0,0,2,1,30.74246575,1.076712329,1,0,0,1,2,56
1,0,0,0,112.5,2,1,0,2,58.52876712,7.247955325,0,0,0,18,2,39
0,0,1,0,103.5,0,1,0,0,28.48219178,1.545205479,0,0,1,17,2,10
0,1,1,0,225.0,0,0,0,0,47.67671233,8.638356164,0,1,0,1,2,36
0,1,0,0,135.0,2,1,0,0,63.90136986,7.247955325,0,1,0,18,2,43
0,0,1,0,121.5,0,1,4,0,47.75890411,6.621917807999999,1,1,0,18,1,28
0,1,1,0,130.5,0,1,0,0,44.210958899999994,25.72876712,0,1,0,0,2,19
1,1,1,1,450.0,1,1,0,0,49.789041100000006,1.8575342469999998,0,1,1,1,3,51
1,1,1,0,225.0,0,0,1,1,25.873972600000002,1.816438356,1,1,0,18,1,5
0,0,0,0,90.0,0,1,2,0,48.54520548,9.432876712,0,0,0,12,2,54
0,1,1,1,202.5,1,0,0,0,42.73424658,4.545205479,0,0,0,7,3,18
0,0,0,1,90.0,0,1,2,0,31.8630137,5.178082192,0,0,0,2,3,23
0,0,0,0,103.5,2,1,0,0,55.13150685,7.247955325,0,0,0,18,2,29
1,0,1,0,270.0,0,1,1,0,46.29041096,0.679452055,0,0,0,0,2,34
0,0,1,3,225.0,0,0,0,0,37.26027397,15.64657534,0,1,0,1,3,60
1,0,1,1,126.0,1,1,2,0,34.94520548,5.767123288,0,0,0,18,3,25
0,0,1,0,180.0,0,3,4,0,46.03561644,6.1013698629999995,1,1,0,9,1,41
0,1,1,0,225.0,0,1,0,0,48.82465753,5.01369863,0,0,0,18,2,43
0,1,0,0,225.0,0,1,4,0,34.30684932,1.679452055,1,0,0,0,1,21
0,0,0,0,112.5,1,1,0,0,55.57534247,4.7506849319999995,1,1,0,8,2,28
1,1,1,3,315.0,0,0,0,0,34.56164384,3.167123288,0,0,0,0,3,7
0,0,0,3,112.5,1,1,0,0,34.50684932,13.42465753,0,1,0,8,3,15
0,0,1,0,270.0,2,0,1,0,58.35342466,7.247955325,0,1,0,18,1,38
1,0,1,0,270.0,0,0,1,0,28.46575342,2.180821918,0,0,0,2,1,47
0,0,1,3,112.5,1,1,0,0,33.24657534,2.534246575,0,0,0,2,3,9
0,0,0,0,270.0,1,0,0,0,40.96712329,22.21643836,1,1,0,3,2,59
0,0,1,0,225.0,2,1,1,0,63.79726027,7.247955325,0,0,0,18,1,50
0,0,1,3,90.0,3,1,2,0,34.86027397,7.219178082000001,1,0,0,1,3,36
0,0,1,0,135.0,2,1,0,0,55.50958904,7.247955325,0,1,0,18,2,2
1,1,0,0,202.5,0,1,0,1,37.5890411,3.819178082,0,0,0,0,2,26
0,0,1,1,99.0,1,1,2,0,28.56164384,2.073972603,0,0,0,0,3,49
1,1,1,0,225.0,0,1,0,0,49.08219178,9.221917807999999,0,0,0,4,2,22
1,1,0,0,135.0,0,3,0,5,36.27671233,1.194520548,1,1,0,0,2,22
1,0,1,0,135.0,0,1,0,0,49.83013699,1.583561644,0,0,0,4,2,5
0,0,1,0,112.5,2,2,4,0,60.85479452,7.247955325,0,1,0,18,1,59
0,0,1,1,256.5,3,0,0,0,48.20273973,3.6027397260000003,0,1,0,3,3,14
0,0,1,0,180.0,2,1,0,0,62.06849315,7.247955325,0,0,0,18,2,57
1,1,1,0,112.5,0,1,0,0,62.24657534,2.356164384,0,1,1,12,2,40
1,1,0,1,157.5,0,1,0,0,30.9260274,5.216438356,1,1,0,4,3,30
0,1,1,0,207.0,3,0,0,0,61.36438356,9.605479452,0,0,0,5,2,37
0,0,1,0,67.5,0,1,1,0,49.80547945,0.515068493,0,0,0,0,2,47
0,0,1,0,90.0,0,1,2,0,45.39452055,1.416438356,0,0,0,0,2,48
1,0,1,0,270.0,0,1,0,0,46.29041096,0.679452055,0,0,0,0,2,40
1,0,0,1,360.0,0,0,0,0,30.44383562,1.284931507,1,1,0,3,3,45
0,0,1,0,62.6535,0,1,3,0,53.85753425,0.8767123290000001,1,1,0,2,1,28
1,0,0,0,247.5,0,1,0,0,49.24383562,3.8712328769999997,0,0,0,4,2,60
1,0,0,0,81.0,2,1,4,0,65.48493151,7.247955325,0,1,0,18,1,11
1,0,1,3,157.5,0,1,0,0,41.18082192,3.934246575,0,0,0,0,3,19
0,0,0,0,126.0,2,1,0,0,59.93150685,7.247955325,0,0,0,18,2,37
1,0,1,0,72.9,2,3,0,0,64.17260274,7.247955325,0,0,0,18,2,49
0,0,1,0,135.0,1,1,0,0,46.47945205,2.542465753,0,0,0,7,2,12
1,0,1,1,202.5,0,0,3,0,49.54794521,3.301369863,0,0,0,6,2,42
0,0,0,1,135.0,0,1,0,0,29.39178082,4.435616438,1,1,0,7,3,31
0,0,0,0,90.0,2,1,1,0,58.71780822,7.247955325,0,0,0,18,2,15
0,0,1,0,202.5,0,1,0,0,42.57808219,2.42739726,1,0,0,2,2,44
0,0,1,0,202.5,0,1,0,0,55.60273973,10.136986300000002,0,0,0,0,2,35
0,0,1,0,157.5,3,1,0,0,50.22739726,19.76164384,0,0,0,5,2,41
0,0,0,0,135.0,2,1,1,0,63.06575342,7.247955325,0,0,0,18,1,43
0,0,0,0,144.0,0,1,0,2,45.59178082,27.36438356,1,1,0,2,2,37
0,0,1,0,612.0,3,1,0,0,34.41917808,10.17808219,0,0,1,7,2,24
0,1,0,0,157.5,1,1,2,0,33.72328767,5.375342466,0,0,0,18,2,29
0,0,1,0,90.0,0,1,2,0,45.39452055,1.416438356,0,0,0,0,2,35
0,0,1,0,202.5,0,1,0,0,61.14520548,1.547945205,0,0,0,9,2,14
1,0,1,0,202.5,1,1,1,0,31.86575342,1.956164384,0,0,1,3,1,2
0,0,1,1,202.5,1,0,2,0,38.54520548,8.473972603,0,0,1,7,3,47
1,1,1,0,157.5,0,1,0,0,47.51780822,1.515068493,0,0,1,4,2,32
0,0,1,0,67.5,2,1,0,0,52.70684932,7.247955325,0,0,0,18,2,57
1,1,1,0,135.0,2,0,0,0,63.59178082,7.247955325,0,0,0,18,2,36
0,0,1,1,90.0,0,0,0,0,28.82191781,6.515068492999999,0,0,0,0,3,51
0,0,1,0,157.5,0,1,0,0,46.44109589,8.265753425,1,1,0,18,2,31
1,1,1,0,261.0,0,2,0,0,43.66027397,4.131506849,0,1,0,3,2,45
0,0,0,0,45.0,3,1,0,0,50.77260274,10.04383562,1,1,0,1,2,33
1,0,0,0,45.0,0,3,0,0,36.18356164,2.098630137,0,1,0,12,2,55
1,1,1,1,180.0,1,0,0,0,41.45479452,4.016438356,0,0,1,18,3,34
0,0,1,0,90.0,0,1,0,0,32.29863014,1.010958904,1,0,0,18,2,27
0,0,1,0,292.5,2,1,2,0,62.24657534,7.247955325,0,1,0,18,2,21
0,0,1,0,306.0,2,0,0,0,59.15068493,7.247955325,0,0,0,18,2,17
1,0,1,1,180.0,0,1,1,0,35.47123288,0.37534246600000004,0,0,0,0,2,51
0,0,1,0,360.0,1,0,0,0,30.38082192,10.69041096,0,1,0,1,2,7
0,0,1,0,121.5,2,1,4,0,58.5369863,7.247955325,0,0,0,18,1,6
1,0,0,1,180.0,0,1,0,0,29.19452055,2.5369863009999998,1,1,0,0,3,59
1,1,0,0,112.5,3,1,1,0,55.70684932,4.235616438,0,0,0,4,2,30
0,1,1,0,121.5,0,1,0,0,27.43561644,3.7972602739999997,0,0,0,5,2,44
1,1,1,0,180.0,2,0,0,0,51.43013699,7.247955325,0,0,0,18,2,37
0,0,0,0,90.0,0,1,0,0,47.54794521,8.967123288,1,1,0,13,2,30
0,1,0,1,162.0,0,1,3,0,40.50958904,12.60547945,0,0,0,2,2,28
0,0,1,1,121.5,0,1,0,0,25.88493151,0.97260274,0,0,0,0,3,31
1,0,1,0,157.5,0,1,0,0,48.15342466,3.3315068489999997,0,0,0,0,2,36
1,1,1,0,90.0,0,1,2,0,35.1260274,0.424657534,0,0,0,0,2,11
0,1,1,0,135.0,2,0,0,0,55.41917808,7.247955325,0,0,0,18,2,27
0,0,1,1,157.5,1,1,1,0,42.37260274,6.216438356,0,1,0,12,3,40
0,0,1,1,180.0,0,1,0,1,22.03013699,3.8876712330000003,0,1,1,2,3,28
0,1,1,1,225.0,1,0,0,0,45.21369863,7.315068492999999,0,1,0,3,3,13
1,1,0,1,270.0,0,1,2,0,43.8,1.621917808,1,0,0,4,3,7
1,0,1,3,270.0,0,1,0,0,34.21369863,9.884931507000001,0,0,0,6,3,19
0,1,1,0,225.0,0,0,0,0,47.67671233,8.638356164,0,1,0,1,2,52
0,0,1,0,180.0,2,1,1,0,59.30958904,7.247955325,0,1,0,18,2,40
1,0,1,1,135.0,0,0,0,0,36.81643836,10.07945205,0,0,0,18,3,11
0,1,1,0,112.5,1,0,0,0,31.75068493,0.2,0,1,1,1,2,29
0,0,0,0,112.5,2,1,0,2,58.52876712,7.247955325,0,0,0,18,2,24
0,0,1,0,202.5,0,1,0,0,39.789041100000006,9.369863014,0,0,0,1,2,20
0,0,0,1,135.0,3,1,3,0,44.24657534,14.10410959,0,0,0,5,2,47
0,0,1,0,202.5,0,1,3,0,38.1369863,2.476712329,0,0,0,1,1,40
0,0,1,3,135.0,0,1,0,0,29.92876712,1.8602739730000002,1,0,0,18,3,5
0,0,0,1,135.0,0,1,0,0,29.39178082,4.435616438,1,1,0,7,3,8
0,0,1,0,225.0,2,1,1,0,63.79726027,7.247955325,0,0,0,18,1,21
0,0,0,0,81.0,2,1,4,0,65.48493151,7.247955325,0,1,0,18,1,12
0,0,0,0,171.0,2,1,0,0,59.45205479,7.247955325,0,0,0,18,2,41
0,0,0,0,112.5,2,1,0,0,58.4,7.247955325,0,0,0,18,2,4
0,0,0,3,90.0,0,1,0,0,32.50136986,0.263013699,1,0,0,18,3,8
1,0,1,3,292.5,1,1,0,0,33.88493151,1.84109589,0,0,0,1,3,6
1,1,1,1,193.5,0,1,0,0,28.6,6.164383562,1,0,0,1,3,41
0,1,1,0,225.0,1,1,1,0,33.08219178,3.917808219,0,1,0,8,1,40
0,1,1,0,225.0,2,1,4,0,60.04931507,7.247955325,0,0,1,18,1,54
0,0,1,0,67.5,0,1,4,0,56.11506849,13.78082192,1,1,0,18,1,25
1,0,1,0,171.0,0,2,1,0,27.79452055,0.293150685,0,0,0,0,1,59
0,0,1,1,180.0,1,1,0,0,44.47671233,16.64383562,0,1,0,0,3,24
0,0,1,1,157.5,3,0,0,0,42.8630137,11.726027400000001,0,0,0,1,3,48
0,0,1,1,157.5,3,1,1,0,34.72876712,3.698630137,0,0,0,14,2,27
1,1,0,1,157.5,0,1,0,0,42.64931507,5.517808219,0,0,0,4,3,31
1,0,1,0,315.0,0,0,0,0,38.10958904,5.301369863,1,0,0,0,2,45
0,0,0,0,90.0,0,1,1,0,52.88767123,1.271232877,1,1,0,1,1,16
1,1,1,0,157.5,1,1,0,0,55.72876712,18.77534247,0,0,0,0,2,39
0,1,1,0,135.0,0,1,0,0,48.7260274,4.690410958999999,0,0,0,0,2,4
1,1,1,0,225.0,0,1,0,0,49.08219178,9.221917807999999,0,0,0,4,2,41
1,1,1,0,180.0,3,0,0,0,27.64657534,1.761643836,0,0,0,8,2,37
1,1,0,0,115.29,2,1,0,0,63.5260274,7.247955325,0,1,1,18,2,56
1,0,1,3,90.0,0,1,0,0,34.74246575,4.594520548,0,0,0,1,3,47
0,0,1,0,99.0,2,0,3,0,67.42739726,7.247955325,0,0,0,18,1,55
0,0,0,0,81.0,2,1,3,0,61.03835616,7.247955325,0,1,0,18,1,51
0,0,0,0,207.0,0,0,0,0,40.38356164,18.41917808,0,1,0,1,2,5
1,1,0,1,270.0,1,1,2,0,37.07945205,3.8904109589999996,0,0,0,18,3,31
0,1,0,0,144.0,0,0,2,0,26.789041100000002,2.347945205,1,1,0,18,2,5
1,0,1,0,99.0,2,0,3,0,67.42739726,7.247955325,0,0,0,18,1,37
0,1,1,0,450.0,2,0,4,0,60.50136986,7.247955325,0,1,0,18,1,8
1,0,0,1,360.0,0,0,0,0,30.44383562,1.284931507,1,1,0,3,3,51
0,1,1,0,135.0,0,0,0,0,33.62739726,10.80547945,0,0,0,3,2,21
0,1,1,0,76.5,0,0,0,0,48.6109589,11.52054795,0,0,0,18,2,55
1,1,1,0,180.0,0,1,0,0,34.53150685,7.178082192000001,1,1,0,3,2,27
0,0,1,0,112.5,2,1,4,0,60.6,7.247955325,0,0,0,18,1,25
0,0,1,0,216.0,2,1,4,0,54.86027397,7.247955325,0,0,0,18,1,17
1,0,0,0,135.0,0,1,1,0,25.11506849,2.594520548,0,0,0,11,1,12
0,0,0,0,157.5,1,0,3,1,43.11506849,1.183561644,0,0,0,18,1,35
0,1,1,0,225.0,0,0,0,0,47.67671233,8.638356164,0,1,0,1,2,52
0,0,0,1,112.5,0,1,2,0,33.45205479,7.526027397000001,0,0,0,11,3,46
0,0,0,0,166.5,0,1,0,0,61.73972603,14.97808219,0,1,0,18,2,58
1,0,1,0,202.5,0,1,0,0,37.38356164,14.72328767,0,0,0,0,2,10
1,1,0,0,90.0,0,1,1,0,22.75068493,3.016438356,1,0,0,0,1,17
1,1,0,3,337.5,0,0,1,0,32.35616438,4.553424658,1,0,0,18,3,41
1,0,0,3,121.5,0,1,0,0,37.65753425,0.5808219179999999,0,0,0,0,3,5
0,0,0,0,166.5,3,1,0,0,44.97534247,12.85479452,0,1,0,3,2,33
1,0,1,0,315.0,1,0,1,0,28.76438356,1.493150685,0,0,1,0,1,53
0,1,1,0,270.0,3,0,0,0,44.9890411,22.54794521,0,0,0,3,2,42
1,1,1,0,202.5,1,1,2,0,32.9369863,4.58630137,0,0,1,0,2,56
1,0,0,3,405.0,0,1,0,4,34.45205479,2.301369863,0,0,0,18,3,41
1,1,0,0,162.0,0,1,0,0,52.98630137,11.20273973,1,0,1,6,2,24
0,0,1,1,121.5,2,1,0,0,51.49863014,7.247955325,0,1,0,18,3,39
0,1,1,0,202.5,0,0,0,0,41.53424658,10.88767123,0,0,0,8,2,56
0,0,1,0,270.0,0,0,1,0,28.46575342,2.180821918,0,0,0,2,1,28
1,0,0,3,135.0,0,1,0,0,37.36712329,1.178082192,0,0,0,0,3,25
1,0,1,1,126.0,1,1,2,0,34.94520548,5.767123288,0,0,0,18,1,39
0,0,0,0,247.5,2,1,4,0,67.15342466,7.247955325,0,0,0,18,1,42
1,1,1,0,202.5,1,0,0,0,34.67945205,14.72328767,0,0,1,0,2,42
0,0,1,1,405.0,3,0,0,0,34.88219178,12.38356164,0,0,0,1,3,11
0,0,1,0,94.5,2,1,0,0,60.65753425,7.247955325,0,0,0,18,2,21
1,1,1,0,252.0,0,1,0,0,60.59452055,4.44109589,0,1,1,6,2,30
0,0,1,3,67.5,1,1,0,0,45.7369863,1.128767123,1,1,0,2,3,42
0,0,0,0,292.5,1,1,2,0,51.22739726,29.473972600000003,0,0,0,0,2,18
1,0,1,0,135.0,2,1,0,0,58.38904109999999,7.247955325,0,0,0,18,2,23
0,0,1,1,135.0,0,1,0,0,45.50410959,0.509589041,0,0,0,0,3,39
1,1,1,0,202.5,0,0,0,0,48.17808219,8.265753425,0,0,0,4,2,10
0,0,0,0,121.5,2,1,3,0,64.35890411,7.247955325,0,0,0,18,1,49
1,0,1,0,112.5,1,1,1,0,25.84931507,4.032876712,0,1,0,0,1,1
0,0,1,0,99.0,3,1,0,0,48.17534247,1.101369863,0,0,0,1,2,40
1,1,1,0,202.5,0,1,0,0,33.84383562,14.663013699999999,1,1,0,0,2,13
0,0,1,0,135.0,0,0,1,0,24.93150685,3.1041095889999997,0,0,0,3,1,31
0,1,0,0,180.0,0,0,0,0,40.93972603,4.520547945,1,0,1,1,2,48
0,1,1,0,157.5,0,0,1,0,56.26849315,10.86849315,0,0,0,18,1,14
0,1,1,0,270.0,1,0,0,0,48.85753425,1.6986301369999999,0,1,0,7,2,50
1,1,1,0,225.0,0,1,0,0,47.20547945,21.610958899999996,1,0,0,3,2,21
0,1,0,3,270.0,0,1,0,1,36.32328767,6.301369863,0,0,0,3,3,21
0,0,1,0,135.0,2,1,4,0,63.51506849,7.247955325,0,1,0,18,1,31
0,0,0,0,90.0,2,1,4,0,58.73972603,7.247955325,0,1,0,18,1,3
0,0,1,1,585.0,1,0,1,0,28.57534247,2.465753425,0,0,0,3,2,38
0,1,1,0,135.0,1,0,0,0,57.31780822,0.309589041,0,0,0,2,2,4
1,1,1,3,337.5,3,1,0,4,35.55342466,10.87671233,0,0,0,0,3,41
0,0,1,0,202.5,0,1,0,0,39.789041100000006,9.369863014,0,0,0,1,2,18
0,0,1,0,157.5,2,1,4,0,66.68493151,7.247955325,0,1,0,18,1,56
0,1,0,1,108.0,1,0,0,0,44.21369863,1.180821918,1,0,0,2,3,40
1,1,0,3,225.0,0,1,0,0,40.48219178,6.060273972999999,0,0,0,4,3,60
0,1,1,0,162.0,0,1,2,0,57.95068493,1.087671233,0,0,0,3,2,34
0,0,0,0,202.5,1,0,0,0,30.98356164,7.4328767120000006,1,0,0,2,2,48
0,0,1,0,81.0,2,1,0,0,59.85479452,7.247955325,0,1,0,18,2,3
0,0,1,0,202.5,0,1,1,0,39.789041100000006,9.369863014,0,0,0,1,2,4
0,0,1,0,112.5,2,1,0,0,58.53972603,7.247955325,0,0,0,18,2,19
0,1,1,1,225.0,0,0,0,0,38.76164384,4.35890411,1,1,0,8,3,9
1,1,0,0,225.0,1,0,1,2,31.58356164,1.660273973,0,1,1,8,1,41
0,1,1,0,270.0,3,0,0,0,44.9890411,22.54794521,0,0,0,3,2,19
1,0,0,1,360.0,0,0,0,0,30.44383562,1.284931507,1,1,0,3,3,37
1,1,0,0,180.0,0,1,3,2,39.31232877,0.8684931509999999,0,0,0,0,1,36
1,1,1,0,180.0,0,1,0,0,30.74520548,3.7972602739999997,0,0,0,4,2,42
0,1,1,0,225.0,1,1,1,0,33.08219178,3.917808219,0,1,0,8,1,33
1,0,1,0,270.0,1,2,1,0,31.84931507,0.534246575,0,0,1,2,1,10
1,0,0,0,270.0,0,1,2,0,56.90410959,1.706849315,1,0,0,11,2,22
0,0,0,0,108.0,2,1,4,0,60.77260274,7.247955325,0,0,0,18,1,45
1,1,1,0,495.0,0,2,0,1,24.43013699,3.016438356,0,0,1,4,2,40
1,1,1,3,225.0,0,1,0,0,40.88493151,14.88767123,1,1,0,18,3,11
0,0,1,1,180.0,0,2,0,2,29.463013699999998,0.178082192,1,1,0,1,3,36
1,1,0,0,180.0,1,1,0,2,26.87671233,8.2,1,0,0,18,2,12
0,0,0,0,112.5,2,1,0,2,58.52876712,7.247955325,0,0,0,18,2,56
0,0,0,1,40.5,3,1,0,3,35.75890411,5.347945205,0,0,0,11,3,5
0,0,1,0,157.5,2,1,0,0,57.45479452,7.247955325,0,1,0,18,2,25
0,0,0,0,36.0,0,1,0,1,39.7260274,1.257534247,1,0,0,1,2,52
0,0,0,0,90.0,0,1,0,0,47.54794521,8.967123288,1,1,0,13,2,49
1,0,1,0,315.0,1,0,1,0,28.76438356,1.493150685,0,0,1,0,1,27
0,0,1,0,157.5,0,0,2,1,22.56986301,1.846575342,0,0,0,7,2,7
0,1,0,0,180.0,0,0,0,0,40.93972603,4.520547945,1,0,0,1,2,46
1,0,0,3,135.0,1,1,0,0,30.08219178,7.926027397,0,0,0,1,3,35
0,0,1,0,180.0,0,1,0,0,60.03013699,2.038356164,1,1,0,18,2,50
1,1,1,3,270.0,1,0,0,0,43.80273973,2.712328767,0,0,0,18,3,17
1,1,0,0,157.5,0,2,0,1,24.99726027,2.630136986,1,0,0,4,2,42
1,1,1,3,202.5,0,0,0,0,30.49863014,2.512328767,0,1,0,0,3,35
0,0,1,0,103.5,0,1,0,0,28.48219178,1.545205479,0,0,1,17,2,18
0,0,1,1,270.0,0,1,0,0,52.16438356,3.84109589,1,1,0,3,3,39
1,0,1,0,180.0,1,1,1,0,27.44931507,2.02739726,0,0,0,8,1,15
0,0,0,0,90.0,0,1,0,0,54.77534247,0.49589041100000003,0,1,0,2,2,14
1,0,1,0,135.0,0,0,0,1,40.36712329,8.690410959,1,1,0,18,2,38
1,1,0,3,202.5,0,1,0,0,43.57260274,10.37534247,0,0,0,0,3,60
0,0,1,1,112.5,1,1,0,0,29.57808219,5.3643835619999996,1,1,0,2,3,30
1,1,1,0,180.0,0,1,0,0,30.74520548,3.7972602739999997,0,0,0,4,2,42
0,0,1,3,225.0,1,0,0,0,30.93150685,1.7123287669999998,1,0,1,1,3,26
1,1,0,0,202.5,0,1,0,1,37.5890411,3.819178082,0,0,0,0,2,25
0,0,1,1,67.5,0,2,0,0,35.8739726,9.463013699,0,0,0,18,3,16
0,0,1,0,225.0,0,1,4,0,52.74520548,5.635616438,0,0,0,2,1,30
0,0,0,0,306.0,3,0,0,0,34.73150685,15.30684932,0,0,0,5,2,3
1,0,0,0,225.0,1,1,0,0,40.77260274,3.101369863,1,1,0,0,2,39
1,1,0,0,90.0,0,1,1,0,39.66849315,4.112328767,0,0,0,0,1,42
1,0,0,0,391.5,0,1,1,2,25.32054795,1.3917808219999999,0,0,0,2,1,40
0,1,1,0,157.5,0,1,0,0,45.78630137,6.556164384,0,0,0,1,2,52
0,0,1,0,175.5,1,0,0,0,41.77534247,6.1013698629999995,1,1,0,3,2,40
0,0,1,0,180.0,1,1,0,0,48.810958899999996,3.520547945,0,0,0,5,2,9
1,0,0,0,135.0,0,1,1,0,25.410958899999997,1.3506849319999998,0,0,0,0,1,1
1,0,1,0,315.0,1,0,1,0,28.76438356,1.493150685,0,0,1,0,1,53
0,1,1,0,157.5,0,1,0,0,40.69589041,6.717808219,0,1,0,18,2,6
1,1,1,1,180.0,0,1,2,0,39.5890411,8.884931507000001,0,0,0,18,3,29
1,1,0,0,135.0,2,1,0,0,39.45205479,7.247955325,0,1,0,18,2,13
0,0,1,0,126.0,1,0,1,0,51.8,6.767123288,0,0,0,2,1,14
0,0,1,1,157.5,1,1,0,0,35.67671233,10.76986301,1,1,0,0,3,52
0,0,1,0,202.5,0,1,3,0,38.1369863,2.476712329,0,0,0,1,1,37
1,0,0,0,108.0,2,1,4,0,60.77260274,7.247955325,0,0,0,18,1,25
0,0,1,1,180.0,3,0,0,0,30.05205479,9.547945205,0,0,1,8,3,45
1,1,1,0,450.0,1,0,3,0,44.29863014,2.342465753,1,1,0,18,1,18
1,0,1,0,135.0,1,1,1,3,21.15890411,1.002739726,0,0,1,2,1,0
1,1,0,0,90.0,1,1,1,0,29.73424658,0.6821917809999999,0,1,0,0,1,25
1,0,1,1,405.0,1,0,0,0,32.44383562,5.523287671,0,0,0,3,3,39
1,1,1,0,135.0,0,0,0,0,25.48767123,2.334246575,0,0,0,2,2,7
0,0,1,0,306.0,0,1,0,0,51.85479452,8.15890411,0,0,0,8,2,33
0,0,1,0,40.5,2,1,0,0,49.88219178,7.247955325,0,1,0,18,2,6
0,0,1,0,103.5,2,1,0,0,57.13150685,7.247955325,0,0,0,18,2,12
0,0,1,0,67.5,1,0,3,0,51.92328767,1.3671232880000002,0,1,0,1,1,25
0,0,0,3,171.0,0,1,0,0,40.06027397,3.1780821919999998,1,1,0,1,3,17
0,0,0,0,108.0,2,1,4,0,60.77260274,7.247955325,0,0,0,18,1,17
0,0,1,0,180.0,0,1,1,0,51.81643836,2.210958904,0,0,0,0,1,48
0,0,0,1,225.0,3,0,2,2,39.08219178,16.52876712,0,1,0,18,3,27
1,1,1,1,112.5,0,1,0,0,44.39452055,2.534246575,1,1,0,4,3,59
0,1,0,0,247.5,0,0,0,0,43.44657534,4.934246575,1,0,0,0,2,31
1,0,0,0,81.0,0,1,2,0,38.93424658,0.43287671200000005,1,0,0,12,2,12
0,0,0,0,99.0,1,0,0,0,27.62739726,1.8575342469999998,0,0,0,2,2,31
0,1,0,3,162.0,1,2,0,0,26.47123288,2.180821918,1,1,0,1,3,40
0,0,1,3,135.0,0,1,0,0,34.49041096,11.22191781,0,1,0,0,3,4
1,1,1,0,225.0,0,1,0,0,49.08219178,9.221917807999999,0,0,0,4,2,22
0,0,0,0,112.5,0,0,0,1,29.17808219,10.14246575,1,1,0,1,2,60
0,1,1,0,337.5,0,1,1,0,54.25753425,8.893150685,0,0,0,2,1,5
0,0,1,0,247.5,1,1,0,0,44.76712329,23.69041096,0,0,0,5,2,16
0,0,0,0,162.0,2,1,0,0,58.20273973,7.247955325,0,0,0,18,2,28
0,0,1,1,81.0,0,1,0,2,43.14794521,17.44383562,1,1,0,9,3,39
0,0,1,0,202.5,0,0,0,0,29.23013699,4.095890411,0,0,0,18,2,6
1,1,1,1,157.5,2,1,0,0,30.273972600000004,1.21369863,1,0,0,4,3,19
0,0,1,0,189.0,2,2,4,0,59.84931507,7.247955325,0,0,0,18,1,36
0,0,0,0,108.0,2,1,4,0,60.77260274,7.247955325,0,0,0,18,1,23
1,1,0,3,292.5,1,1,0,0,40.19178082,19.06027397,0,1,0,18,3,27
0,0,1,0,99.0,2,0,3,0,67.42739726,7.247955325,0,0,0,18,1,5
0,1,1,0,211.5,0,1,0,0,42.62739726,14.09589041,0,0,0,8,2,8
0,0,1,0,135.0,0,1,1,0,37.06849315,0.260273973,0,0,0,2,1,45
0,1,1,0,135.0,0,1,2,0,54.989041099999994,10.09589041,1,1,0,0,2,41
0,0,1,0,306.0,0,1,0,0,51.85479452,8.15890411,0,0,0,8,2,38
1,0,0,0,202.5,0,1,2,0,62.46575342,0.279452055,0,0,0,4,2,35
0,0,0,0,247.5,0,0,3,0,51.22191781,4.931506849,0,1,0,8,1,40
0,0,0,0,103.5,2,1,0,0,62.28493151,7.247955325,0,0,0,18,2,52
0,0,1,0,180.0,1,1,0,0,48.810958899999996,3.520547945,0,0,0,5,2,39
0,0,0,0,180.0,1,0,0,0,36.27671233,12.19452055,0,1,0,18,2,26
0,0,1,0,292.5,2,1,2,0,62.24657534,7.247955325,0,1,0,18,2,9
1,0,1,0,450.0,1,0,0,0,52.2739726,5.071232877,0,1,0,3,2,37
1,1,1,1,265.5,0,0,0,1,30.13150685,6.887671233,0,0,0,7,3,11
1,0,1,0,360.0,0,1,0,0,52.95890411,2.1287671230000003,0,0,0,4,2,24
1,1,1,3,135.0,0,1,0,0,33.68767123,11.81917808,0,0,0,18,3,56
0,0,1,1,67.5,1,1,0,0,51.7260274,11.27123288,0,0,0,7,3,22
0,0,1,0,90.0,2,2,3,0,66.10684932,7.247955325,0,0,0,18,1,43
1,1,0,3,315.0,1,1,0,0,42.4,7.887671233,0,1,0,0,3,59
0,0,0,0,90.0,2,1,1,2,64.32328767,7.247955325,0,0,0,18,1,18
1,0,1,0,112.5,0,1,0,0,38.55068493,10.42739726,1,0,0,0,2,54
0,1,1,1,180.0,0,0,3,0,51.6109589,16.38630137,0,0,0,3,2,19
0,0,0,0,225.0,0,1,1,0,51.97808219,10.17808219,0,0,0,0,1,55
1,0,0,1,85.5,3,1,0,2,41.13424658,18.8109589,0,0,0,1,3,44
0,0,1,0,112.5,2,1,0,0,53.99726027,7.247955325,0,0,0,18,2,46
0,0,1,0,177.75,2,0,0,0,62.83287671,7.247955325,0,0,0,18,2,21
0,1,1,0,270.0,1,0,0,0,54.68493151,15.55890411,0,0,0,7,2,44
1,1,1,0,184.5,1,1,0,1,54.45479452,1.3671232880000002,0,0,0,6,2,28
1,1,1,1,135.0,1,0,0,0,49.94520548,1.2164383559999998,1,1,0,3,3,7
1,1,0,0,135.0,0,1,0,0,56.09863014,1.438356164,0,0,0,4,2,8
0,0,1,0,76.5,2,1,0,0,66.60547945,7.247955325,0,1,0,18,2,10
1,0,0,1,130.5,0,2,0,3,31.04383562,4.953424658,1,1,0,18,3,31
0,1,0,0,247.5,0,1,3,0,37.11232877,5.868493151,0,0,0,0,1,45
0,0,1,0,112.5,2,1,0,0,59.29315068,7.247955325,0,0,0,18,2,33
0,0,1,0,382.5,2,1,0,0,61.06027397,7.247955325,0,0,0,18,2,5
0,0,1,0,157.5,1,0,0,0,48.41917808,18.02465753,0,0,0,18,2,48
0,0,1,1,324.0,3,0,0,0,36.936986299999994,13.136986300000002,0,0,0,3,3,37
0,1,0,3,135.0,0,1,0,0,38.15890411,8.361643836,0,0,0,0,3,19
0,0,1,0,67.5,2,1,0,0,55.8109589,7.247955325,0,0,0,18,2,55
0,0,0,0,135.0,1,0,3,0,32.08767123,13.210958900000001,0,1,1,15,1,44
0,0,1,0,247.5,2,1,0,0,63.74520548,7.247955325,0,0,1,18,2,13
0,0,0,0,67.5,2,3,0,0,62.50136986,7.247955325,0,1,0,18,2,15
1,1,0,3,225.0,0,1,1,0,38.72876712,7.2,1,0,0,3,3,44
0,0,0,0,81.0,2,1,4,0,65.48493151,7.247955325,0,1,0,18,1,49
0,1,0,0,157.5,2,1,0,0,59.27945205,7.247955325,0,0,0,18,2,55
0,0,1,1,247.5,0,1,0,0,47.15342466,1.117808219,0,1,0,6,3,10
0,1,0,0,157.5,1,1,0,0,37.23287671,2.690410959,0,1,0,18,2,51
0,0,0,0,157.5,0,1,4,2,57.95342466,10.66575342,0,1,0,18,1,5
1,0,1,0,112.5,1,0,0,0,55.07671233,1.520547945,0,0,0,6,2,55
1,0,1,3,157.5,0,0,0,0,39.00821918,10.73424658,0,0,0,0,3,54
1,0,1,0,180.0,3,1,2,0,25.22739726,6.832876712000001,0,0,0,0,2,7
1,1,1,0,180.0,0,1,0,0,34.21369863,2.0465753419999997,0,0,1,0,2,39
1,0,0,0,247.5,1,1,0,2,24.09041096,2.879452055,0,0,0,4,2,23
0,0,1,0,121.5,0,1,4,0,47.75890411,6.621917807999999,1,1,0,18,1,2
0,0,1,0,126.0,0,1,3,0,59.30410959,3.5150684930000002,1,1,0,9,1,39
0,0,1,0,157.5,3,1,0,0,50.22739726,19.76164384,0,0,0,5,2,33
0,0,1,3,202.5,3,0,0,0,35.35342466,3.846575342,0,1,0,1,3,53
0,0,0,0,112.5,1,0,0,1,54.03013699,4.216438356,0,0,0,7,2,50
0,0,0,0,135.0,1,0,3,0,32.08767123,13.210958900000001,0,1,1,15,1,44
0,0,0,0,162.0,2,1,0,0,58.20273973,7.247955325,0,0,0,18,2,15
0,0,1,3,135.0,0,1,0,0,27.49315068,8.934246575,0,0,0,18,3,37
0,0,1,0,135.0,2,1,0,0,62.70136986,7.247955325,0,1,0,18,2,60
1,1,1,0,247.5,0,1,0,0,30.00547945,9.8,1,0,0,0,2,25
1,1,0,1,180.0,1,1,0,0,30.38630137,3.180821918,0,0,0,0,3,48
1,1,1,3,360.0,1,2,0,0,34.09863014,5.931506849,0,0,0,18,3,28
0,0,1,0,292.5,0,0,0,0,57.83835616,13.19452055,0,0,0,1,2,45
0,0,1,0,225.0,0,1,4,0,52.74520548,5.635616438,0,0,0,2,1,28
0,0,1,0,180.0,3,1,0,2,52.49589041,12.55068493,0,0,0,9,2,38
0,0,1,0,112.5,2,1,0,0,59.81369863,7.247955325,0,1,0,18,2,30
1,1,1,0,211.5,2,1,0,0,41.22465753,20.69315068,0,0,0,1,2,14
0,0,1,1,202.5,0,2,0,0,29.44109589,3.01369863,0,1,0,2,3,40
0,0,1,0,180.0,2,1,2,0,57.10684932,7.247955325,0,0,0,18,2,25
0,0,0,3,112.5,1,1,0,0,33.39452055,0.8465753420000001,0,0,0,2,3,50
0,0,1,0,157.5,0,1,0,0,54.25205479,12.41643836,0,0,0,0,2,21
1,1,1,3,112.5,0,1,0,0,33.06849315,0.6821917809999999,1,0,0,18,3,45
0,1,1,0,76.5,0,0,0,0,48.6109589,11.52054795,0,0,0,18,2,10
1,0,0,0,90.0,0,1,4,2,54.84109589,9.597260274,1,1,0,2,1,17
0,0,1,0,89.1,2,1,4,0,58.75616438,7.247955325,0,0,0,18,1,13
1,1,1,1,180.0,0,1,0,0,31.80273973,6.657534247,0,0,0,0,3,33
0,1,1,0,157.5,1,0,2,0,42.0,2.778082192,1,1,0,3,2,19
0,0,1,1,157.5,2,1,1,0,42.37260274,6.216438356,0,1,0,12,3,12
0,0,1,0,180.0,0,1,2,0,54.10958904,9.884931507000001,0,0,0,0,2,25
1,1,1,0,900.0,0,1,0,0,50.23835616,5.060273973,0,0,0,3,2,29
0,0,0,0,112.5,1,1,0,0,55.57534247,4.7506849319999995,1,1,0,8,2,50
1,0,0,1,135.0,0,1,0,0,30.41369863,0.263013699,1,0,0,6,3,25
1,1,1,0,301.5,0,1,0,3,24.68219178,2.367123288,0,0,0,0,2,3
1,1,1,0,202.5,0,0,0,0,48.17808219,8.265753425,0,0,0,4,2,13
1,0,0,1,180.0,0,1,0,0,29.19452055,2.5369863009999998,1,1,0,0,3,46
0,0,1,0,157.5,1,1,3,0,32.90136986,5.238356164,0,1,0,2,1,17
0,0,1,0,67.5,3,1,0,0,54.29589041,31.22739726,0,0,0,18,2,55
0,0,1,0,157.5,0,1,2,0,48.76164384,2.3534246580000002,0,0,0,2,2,10
1,1,0,3,225.0,0,1,0,0,40.48219178,6.060273972999999,0,0,0,4,3,60
1,0,0,0,225.0,1,1,0,0,36.536986299999995,3.934246575,0,0,0,12,2,5
0,0,0,0,112.5,2,1,0,2,58.52876712,7.247955325,0,0,0,18,2,39
0,0,0,0,225.0,1,0,0,0,28.92876712,1.175342466,1,1,0,4,2,17
0,0,1,3,157.5,0,1,0,0,35.72328767,9.246575342,0,0,0,0,3,15
1,0,1,0,157.5,1,1,1,0,39.14520548,2.405479452,0,0,0,0,1,35
0,1,0,0,315.0,1,0,0,0,37.14246575,1.605479452,1,1,0,18,2,29
0,0,1,0,180.0,2,1,0,0,59.30958904,7.247955325,0,1,0,18,2,35
0,1,1,0,180.0,1,1,0,0,51.14246575,5.890410959,1,0,0,3,2,31
1,0,0,1,207.0,3,0,0,4,40.79726027,7.18630137,0,0,0,1,3,3
0,0,1,0,202.5,2,1,4,0,59.92054795,7.247955325,0,0,0,18,1,10
0,0,1,1,148.5,0,1,0,0,41.32328767,2.320547945,0,0,0,8,3,42
0,0,1,0,157.5,0,1,0,0,48.12876712,10.73150685,0,0,0,18,2,58
0,0,1,0,202.5,0,1,0,0,55.60273973,10.136986300000002,0,0,0,0,2,29
1,1,1,0,180.0,1,0,0,0,27.19178082,2.8027397260000004,0,0,0,0,2,22
0,0,0,0,94.5,0,1,4,3,61.0,2.271232877,0,0,1,2,1,56
0,1,1,0,225.0,0,0,0,0,47.67671233,8.638356164,0,1,0,1,2,39
1,1,1,1,144.0,3,1,0,4,29.20273973,8.578082192,1,1,0,3,3,8
0,0,1,0,171.0,0,1,1,3,46.40547945,1.843835616,0,0,0,0,1,28
0,0,1,0,157.5,3,1,0,0,49.33698629999999,6.4684931510000006,1,0,0,18,2,25
0,1,1,0,157.5,0,1,0,0,29.41643836,5.693150685,0,0,1,2,2,35
0,0,0,0,67.5,2,1,0,0,56.79452055,7.247955325,0,0,0,18,2,13
0,0,0,0,135.0,0,1,1,3,37.24657534,3.8,0,0,0,0,1,11
1,1,1,0,135.0,0,1,0,0,28.25753425,2.635616438,0,0,1,2,2,35
0,0,1,0,193.5,0,1,1,0,50.54520548,26.52876712,0,0,0,18,1,54
0,1,0,3,270.0,3,0,0,0,43.98082192,20.1890411,1,1,0,18,3,53
0,1,1,0,162.0,2,0,0,0,65.44109589,7.247955325,0,1,0,18,2,56
0,0,1,1,67.5,0,1,0,0,41.78630137,2.430136986,1,0,0,1,3,22
0,0,0,0,207.0,0,0,0,0,40.38356164,18.41917808,0,1,0,1,2,52
0,1,0,0,225.0,1,1,2,1,44.69589041,2.849315068,1,0,0,8,2,56
1,1,1,0,157.5,0,1,0,0,31.43561644,1.5972602740000001,0,0,0,18,2,28
1,1,1,0,225.0,0,1,0,0,49.08219178,9.221917807999999,0,0,0,4,2,44
0,1,1,0,450.0,3,0,0,0,54.073972600000005,14.68219178,0,0,0,18,2,49
0,0,0,0,135.0,0,1,4,0,43.52876712,1.369863014,1,1,0,0,1,42
0,0,0,0,69.75,2,1,4,2,60.23561644,7.247955325,0,1,0,18,1,26
1,0,0,0,135.0,0,1,2,1,41.38082192,4.654794521,0,0,0,0,2,43
1,0,0,0,117.0,0,1,1,0,40.24383562,10.03013699,1,0,0,12,1,23
1,1,1,1,112.5,0,0,0,0,32.35342466,1.4684931509999999,0,0,1,7,3,54
0,0,1,0,112.5,0,1,0,0,45.40547945,12.53150685,0,0,0,18,2,19
0,1,0,0,216.0,0,0,0,2,32.80547945,0.77260274,0,1,0,2,2,15
0,1,1,0,256.5,1,0,0,0,30.71232877,4.7232876710000005,1,0,0,7,2,27
1,0,0,1,157.5,0,1,0,0,44.99726027,3.994520548,0,0,0,4,1,25
0,0,0,0,157.5,0,1,0,0,49.95068493,0.75890411,0,0,0,3,2,47
0,0,0,0,180.0,0,1,1,1,36.70136986,10.55616438,1,1,0,10,1,11
0,0,1,0,225.0,2,1,0,0,57.50410959,7.247955325,0,0,0,18,2,46
1,1,0,1,450.0,0,0,0,0,26.97808219,1.375342466,0,1,1,1,3,11
0,0,1,0,225.0,2,1,0,0,57.8,7.247955325,0,1,0,18,2,32
0,0,0,0,157.5,0,1,0,0,51.72876712,8.638356164,1,0,0,11,2,45
1,1,1,0,247.5,0,1,0,0,30.00547945,9.8,1,0,0,0,2,28
1,0,1,0,225.0,1,1,2,0,34.11232877,4.509589041,0,0,0,2,2,7
0,0,1,3,180.0,3,0,0,0,43.83561644,20.27671233,0,0,0,1,3,1
1,1,0,0,157.5,0,2,0,1,24.99726027,2.630136986,1,0,0,4,2,38
0,0,0,0,112.5,0,1,2,0,43.09863014,12.29589041,1,0,0,7,2,47
0,1,1,0,90.0,0,1,0,0,52.33150685,4.715068493,0,0,0,18,2,41
0,0,1,0,247.5,0,0,0,0,60.54794521,1.583561644,0,0,1,3,2,20
0,0,1,0,292.5,0,0,1,0,47.63835616,4.553424658,0,1,1,3,1,26
0,0,0,0,121.5,0,1,3,0,45.1260274,7.520547945,0,1,0,18,1,55
0,0,1,0,225.0,0,1,1,0,48.87671233,4.950684932,0,0,0,1,1,13
0,0,1,3,180.0,1,1,0,0,47.85753425,20.30958904,0,0,0,1,3,35
0,0,0,0,135.0,0,1,0,0,43.39452055,4.178082192,1,1,0,2,2,5
0,0,1,0,67.05,2,0,0,0,66.5890411,7.247955325,0,0,0,18,2,1
1,0,0,0,135.0,0,1,1,0,25.410958899999997,1.3506849319999998,0,0,0,0,1,3
0,0,1,0,90.0,0,3,1,3,32.94794521,13.06849315,0,0,0,9,2,15
0,0,1,0,306.0,0,1,0,0,51.85479452,8.15890411,0,0,0,8,2,60
0,0,1,0,225.0,1,1,0,0,33.76712329,0.5123287670000001,0,0,0,1,2,54
1,1,1,0,292.5,2,1,2,0,64.00547945,7.247955325,0,1,0,18,2,26
0,0,0,1,144.0,1,0,0,0,34.93972603,3.6027397260000003,1,1,0,18,3,60
1,1,1,0,225.0,1,0,1,0,43.81917808,6.950684932000001,0,1,0,2,1,7
0,0,0,0,90.0,0,1,0,0,27.72876712,9.457534247,0,1,0,18,2,56
0,0,1,0,135.0,2,1,0,0,58.38904109999999,7.247955325,0,0,0,18,2,27
0,0,1,3,157.5,0,1,0,0,29.34246575,6.44109589,0,0,0,2,3,39
0,0,1,0,135.0,2,1,4,0,67.34246575,7.247955325,0,0,0,18,1,37
0,1,0,3,135.0,0,1,0,0,38.15890411,8.361643836,0,0,0,0,3,52
0,0,1,0,72.0,0,1,0,0,49.67671233,2.846575342,0,1,0,0,2,48
1,0,1,0,112.5,1,0,0,0,55.07671233,1.520547945,0,0,0,6,2,49
0,0,1,1,202.5,1,0,2,0,38.54520548,8.473972603,0,0,1,7,3,44
1,0,0,1,112.5,0,1,2,0,35.83561644,3.635616438,0,0,0,8,3,27
0,1,1,3,216.0,0,0,0,0,34.95068493,13.3890411,0,0,0,1,3,36
1,1,1,0,180.0,0,1,0,0,30.74520548,3.7972602739999997,0,0,0,4,2,23
1,0,1,0,225.0,2,1,4,0,62.84657534,7.247955325,0,0,0,18,1,45
1,0,1,0,180.0,0,1,0,0,35.65753425,9.991780822,0,0,0,18,2,40
1,0,1,0,180.0,3,1,2,0,25.22739726,6.832876712000001,0,0,0,0,2,22
1,0,1,0,126.0,2,0,0,0,63.2739726,7.247955325,0,0,0,18,2,52
0,0,1,0,112.5,2,1,0,0,53.35342466,7.247955325,0,1,0,18,2,7
1,1,0,0,157.5,0,2,0,1,24.99726027,2.630136986,1,0,0,4,2,21
1,1,1,0,315.0,1,0,0,4,37.34246575,12.01917808,0,0,0,1,2,55
1,0,1,1,81.0,0,1,0,0,33.73424658,3.008219178,0,0,0,0,3,52
1,0,1,1,202.5,0,0,0,0,32.42739726,7.547945205,0,0,0,18,3,5
0,0,0,0,76.5,2,1,0,0,56.41643836,7.247955325,0,1,0,18,2,23
1,0,1,0,247.5,1,1,0,0,41.92328767,1.6328767119999998,1,1,0,0,2,37
0,1,1,3,180.0,1,1,0,0,31.13150685,1.9753424659999999,0,1,0,8,3,34
0,0,1,0,135.0,0,1,0,0,46.57534247,15.726027400000001,0,0,0,11,2,56
0,0,1,0,180.0,0,1,2,0,54.10958904,9.884931507000001,0,0,0,0,2,23
1,1,1,0,292.5,0,0,0,0,57.68493151,2.21369863,0,0,0,4,2,13
0,0,1,0,202.5,0,1,1,0,48.77534247,27.61369863,0,1,0,1,1,37
0,1,1,0,135.0,0,1,0,0,40.89315068,2.161643836,0,0,0,11,2,17
0,0,0,0,171.0,0,1,3,4,44.49589041,24.27945205,1,0,0,4,1,19
0,0,0,1,202.5,1,1,3,0,29.589041100000003,8.673972603,0,0,0,2,2,27
1,0,0,1,207.0,3,0,0,4,40.79726027,7.18630137,0,0,0,1,3,20
1,0,1,1,202.5,0,1,0,0,40.03835616,1.542465753,0,0,0,0,3,40
0,0,1,0,108.0,2,1,3,0,58.83835616,7.247955325,0,0,0,18,1,9
0,1,1,0,112.5,2,1,0,0,55.75890411,1.843835616,0,1,0,18,2,20
1,0,0,0,135.0,1,1,1,1,25.86849315,1.879452055,0,0,1,0,1,3
0,0,0,0,135.0,0,0,1,0,33.07123288,1.745205479,1,0,0,18,1,4
0,1,0,0,157.5,0,0,0,0,36.01643836,5.926027397,0,0,0,8,2,59
0,0,0,0,90.0,0,0,2,0,28.93424658,6.183561644,1,0,0,1,2,41
1,1,0,0,202.5,0,1,0,0,27.92054795,6.076712328999999,0,0,0,4,2,7
1,0,1,0,225.0,1,0,1,0,38.89041096,18.85205479,0,0,0,0,1,13
1,1,1,0,225.0,0,1,1,0,27.88219178,0.517808219,0,0,1,3,1,53
0,0,1,0,54.0,0,1,0,0,51.09863014,21.23835616,1,1,0,18,2,16
1,0,1,1,126.0,1,1,2,0,34.94520548,5.767123288,0,0,0,18,3,9
0,0,1,1,135.0,0,1,0,0,27.70410959,8.684931507,1,1,0,0,3,43
0,1,0,3,315.0,0,0,0,0,37.789041100000006,7.268493151,1,1,0,3,3,58
1,0,1,0,180.0,0,1,0,0,44.62739726,8.353424658,0,0,1,2,2,23
0,1,1,1,315.0,3,0,4,0,49.95342466,1.164383562,0,1,1,18,2,27
0,0,0,0,135.0,0,1,0,0,29.55616438,8.019178082,0,0,0,2,2,15
0,0,1,0,121.5,0,1,0,0,56.44383562,0.37808219200000004,0,0,0,11,2,27
0,0,1,3,135.0,1,0,0,1,39.27123288,1.030136986,0,0,0,1,3,49
0,0,1,0,215.55,0,0,0,0,28.57260274,2.550684932,0,1,0,8,2,48
1,1,1,1,450.0,0,0,0,0,28.64109589,4.098630137,0,1,0,3,3,38
0,0,1,3,292.5,1,1,0,0,33.88493151,1.84109589,0,0,0,1,3,27
1,1,0,0,148.5,3,1,0,0,28.28767123,8.290410958999999,1,0,0,18,2,14
0,0,0,1,135.0,0,1,1,0,41.43561644,1.9643835619999999,0,1,0,12,2,33
1,0,1,0,270.0,0,1,1,0,29.82465753,0.8438356159999999,0,0,0,0,1,21
0,0,0,0,135.0,0,1,0,0,57.04657534,35.14246575,1,0,0,18,2,37
1,0,0,0,540.0,1,0,0,0,54.78356164,1.893150685,0,0,0,3,2,6
1,1,1,1,225.0,3,1,0,0,32.04109589,10.76438356,1,0,0,0,3,23
0,0,1,0,112.5,2,1,0,0,66.64931507,7.247955325,0,0,0,18,2,7
0,0,0,0,135.0,2,1,0,0,56.46027397,7.247955325,0,0,0,18,2,8
0,0,0,0,135.0,0,1,4,0,43.52876712,1.369863014,1,1,0,0,1,38
0,1,1,0,270.0,2,0,0,0,48.85753425,1.6986301369999999,0,1,0,7,2,25
0,1,0,0,315.0,1,0,0,0,37.14246575,1.605479452,1,1,0,18,2,15
0,1,1,0,90.0,0,1,0,0,52.33150685,4.715068493,0,0,0,18,2,43
1,0,0,1,216.0,0,1,0,2,35.46849315,6.624657534,0,0,1,0,3,32
1,0,0,0,117.0,0,0,1,0,22.37808219,2.202739726,1,0,0,2,1,19
0,1,1,0,427.5,0,0,0,0,54.9369863,6.868493151,0,0,1,7,2,13
0,0,0,1,90.0,2,1,0,0,50.16164384,7.247955325,0,0,0,18,3,53
0,0,1,3,270.0,3,0,1,0,28.56164384,7.520547945,0,0,0,1,3,53
0,0,0,0,225.0,1,0,0,0,28.92876712,1.175342466,1,1,0,4,2,59
0,1,0,0,135.0,1,0,0,0,31.82465753,2.2602739730000003,1,1,1,8,2,31
1,1,0,1,450.0,0,0,0,0,26.97808219,1.375342466,0,1,1,1,3,55
0,0,1,3,247.5,1,2,0,0,33.14794521,6.046575342000001,0,0,1,18,3,7
0,1,0,3,81.0,0,0,0,0,33.85753425,8.265753425,1,0,0,2,3,45
1,0,0,1,180.0,0,1,0,0,29.19452055,2.5369863009999998,1,1,0,0,1,18
0,1,1,0,126.0,0,3,0,1,32.10684932,0.780821918,0,1,0,1,2,51
0,0,1,0,135.0,2,1,0,0,63.97534247,7.247955325,0,0,0,18,2,26
0,1,1,0,540.0,1,0,0,0,43.01917808,0.506849315,0,1,0,18,2,43
1,0,1,0,135.0,3,0,1,2,29.20547945,5.301369863,0,0,0,1,1,9
1,1,1,0,131.4,2,1,0,0,64.78356164,7.247955325,0,0,0,18,2,22
1,1,0,0,180.0,1,1,0,2,26.87671233,8.2,1,0,0,18,2,36
0,1,0,3,135.0,0,1,0,0,38.15890411,8.361643836,0,0,0,0,3,52
0,1,1,0,225.0,2,0,0,0,60.15068493,7.247955325,0,1,0,18,2,47
0,0,1,0,135.0,2,1,0,0,56.05479452,7.247955325,0,0,0,18,2,7
1,0,1,0,247.5,1,1,0,0,41.92328767,1.6328767119999998,1,1,0,0,2,42
1,0,1,0,270.0,1,1,0,0,35.51780822,6.430136986,0,0,0,4,2,38
0,0,1,0,180.0,2,1,0,0,62.06849315,7.247955325,0,0,0,18,2,30
0,1,0,3,162.0,1,2,0,0,26.47123288,2.180821918,1,1,0,1,3,50
1,0,0,1,130.5,0,2,0,3,31.04383562,4.953424658,1,1,0,18,3,43
1,0,0,1,180.0,0,1,1,0,35.47123288,0.37534246600000004,0,0,0,0,2,48
0,0,0,0,135.0,0,1,0,0,34.31506849,0.39178082200000003,0,0,0,18,2,36
0,0,1,0,297.0,1,1,1,3,42.51780822,8.860273973,0,0,0,0,1,15
0,0,1,0,270.0,1,1,1,0,46.4109589,5.38630137,0,0,0,9,1,8
1,1,0,0,108.0,0,1,0,4,47.14794521,2.9616438360000004,0,0,0,6,2,54
0,0,1,0,157.5,2,1,3,0,57.66849315,7.247955325,0,0,0,18,1,6
0,1,0,0,112.5,0,0,0,0,32.31780822,5.846575342,0,0,0,0,2,49
0,0,1,0,94.5,2,1,0,0,64.13150685,7.247955325,0,0,0,18,2,11
1,1,0,1,229.5,3,1,0,0,59.35616438,11.89589041,0,0,0,3,3,49
0,1,1,1,180.0,0,0,0,0,42.45479452,7.095890411,0,0,0,1,3,2
0,0,0,1,81.0,0,1,0,1,35.10136986,9.284931507000001,1,1,0,1,3,18
0,0,1,0,112.5,2,1,0,0,55.62739726,7.247955325,0,0,0,18,2,13
0,0,1,3,135.0,1,3,2,1,27.01917808,5.117808219,1,0,0,2,3,58
0,0,1,1,585.0,1,0,1,0,28.57534247,2.465753425,0,0,0,3,2,34
0,0,0,3,180.0,0,1,1,0,45.50958904,22.92876712,0,0,0,18,3,9
0,0,1,1,144.0,1,0,0,0,34.29315068,10.35068493,0,1,1,3,3,26
1,1,0,3,225.0,0,1,0,0,40.48219178,6.060273972999999,0,0,0,4,3,51
0,0,1,0,247.5,2,1,0,0,63.74520548,7.247955325,0,0,0,18,2,32
0,0,0,0,121.5,1,1,0,0,51.58356164,16.97260274,0,0,0,18,2,23
1,1,0,0,108.0,0,1,0,4,47.14794521,2.9616438360000004,0,0,0,6,2,21
0,0,0,0,54.0,2,1,0,0,55.08493151,7.247955325,0,1,0,18,2,2
1,1,1,3,202.5,0,0,0,0,42.35616438,19.1890411,0,0,0,1,3,36
0,0,0,0,135.0,2,1,1,0,58.38904109999999,7.247955325,0,0,0,18,2,29
1,1,1,0,135.0,0,1,0,0,53.82739726,11.5260274,0,0,0,18,2,19
0,1,0,3,135.0,0,0,0,0,35.07945205,13.63561644,0,0,0,7,3,53
0,0,1,3,270.0,2,0,1,0,28.56164384,7.520547945,0,0,0,1,3,36
0,0,0,0,202.5,0,0,1,0,32.85205479,1.934246575,0,0,1,0,1,9
1,1,0,1,292.5,3,1,2,0,28.77260274,10.35342466,0,1,0,3,3,50
1,1,1,0,180.0,3,0,0,0,27.64657534,1.761643836,0,0,0,8,2,48
0,0,1,0,270.0,1,1,4,0,36.35616438,0.643835616,1,1,1,1,1,8
0,0,1,0,202.5,0,1,0,0,39.789041100000006,9.369863014,0,0,0,1,2,20
1,0,0,0,189.0,3,1,0,0,43.15616438,7.589041096,0,0,0,1,2,19
1,1,1,0,126.0,0,0,1,0,39.78630137,2.364383562,1,0,0,3,1,32
0,1,0,0,144.0,0,1,0,0,42.44931507,9.019178082,0,0,0,7,2,47
0,0,1,0,90.0,2,1,0,0,55.78630137,7.247955325,0,0,0,18,2,35
1,1,0,0,225.0,1,1,0,0,36.13150685,0.621917808,0,0,0,3,2,43
1,1,0,1,112.5,0,1,3,5,32.87123288,3.1095890410000004,1,0,0,0,2,19
1,0,1,0,247.5,1,1,0,0,41.92328767,1.6328767119999998,1,1,0,0,2,46
1,1,0,0,191.7,0,3,0,0,42.39178082,17.96438356,1,1,0,4,2,45
0,0,1,0,121.5,2,1,4,0,58.5369863,7.247955325,0,0,0,18,1,56
0,0,0,0,112.5,1,1,0,0,55.57534247,4.7506849319999995,1,1,0,8,2,52
1,1,0,0,292.5,1,0,1,0,38.49315068,10.08219178,1,1,0,0,1,25
1,1,1,3,108.0,3,1,0,0,34.3260274,2.5150684930000002,1,0,0,18,3,16
1,1,1,0,157.5,0,1,0,0,47.51780822,1.515068493,0,0,1,4,2,36
0,1,0,0,450.0,2,0,0,0,54.2,15.1260274,1,1,0,3,2,46
1,0,0,1,179.271,0,0,0,0,30.03013699,3.383561644,0,0,0,3,3,9
0,0,0,0,202.5,0,1,0,0,36.39178082,2.6821917809999998,0,1,0,9,2,4
0,1,1,0,360.0,3,0,3,0,52.89041096,5.219178082,0,0,0,1,1,29
0,0,1,0,135.0,3,0,1,2,29.20547945,5.301369863,0,0,0,1,1,48
1,0,0,0,135.0,0,1,0,0,40.69589041,9.638356164,1,0,0,4,2,34
0,0,1,0,157.5,2,1,0,0,59.88767123,7.247955325,0,0,0,18,2,17
0,0,0,0,135.0,0,1,0,0,37.16712329,5.205479452,1,0,0,8,2,24
1,1,0,0,157.5,0,2,0,1,24.99726027,2.630136986,1,0,0,4,2,32
0,0,1,0,225.0,0,1,4,0,42.97808219,0.356164384,0,0,0,0,1,24
0,0,0,0,157.5,0,1,3,1,39.20273973,1.501369863,1,1,0,2,1,10
0,0,1,0,157.5,1,0,0,0,33.936986299999994,3.630136986,0,1,1,5,2,23
1,0,0,0,157.5,2,1,0,0,64.62191781,7.247955325,0,0,0,18,2,49
0,0,1,0,112.5,2,1,4,0,56.2630137,7.247955325,0,0,0,18,1,56
0,0,0,3,450.0,0,0,0,0,32.52054795,0.6054794520000001,0,0,0,1,3,15
0,0,1,0,112.5,2,1,0,0,57.44383562,7.247955325,0,1,0,18,2,47
0,0,1,0,135.0,2,1,0,0,59.30684932,7.247955325,0,0,0,18,2,9
0,0,1,0,360.0,1,1,1,0,50.89589041,6.687671233,0,0,0,7,1,53
1,1,0,0,135.0,0,1,0,0,24.38082192,6.37260274,1,1,0,14,2,57
0,0,1,3,180.0,0,2,3,0,33.56986301,9.578082192,1,0,0,18,3,51
0,1,0,0,315.0,1,0,0,0,37.14246575,1.605479452,1,1,0,18,2,55
0,0,1,0,157.5,0,1,2,0,48.76164384,2.3534246580000002,0,0,0,2,2,25
0,1,1,1,225.0,1,1,0,0,37.23561644,8.893150685,0,0,0,2,3,58
0,0,1,0,90.0,0,1,0,0,49.23013699,9.789041096,0,0,0,2,2,21
1,1,1,1,157.5,2,1,0,0,44.89863014,7.247955325,0,0,0,18,3,55
1,1,0,0,315.0,0,0,0,0,55.66849315,10.85205479,1,0,0,18,2,33
1,1,0,0,225.0,1,1,0,0,36.13150685,0.621917808,0,0,0,3,2,2
0,0,1,0,157.5,0,1,1,0,50.17260274,13.55068493,0,0,0,1,1,42
0,0,1,1,108.0,0,1,1,0,34.85753425,3.101369863,1,1,0,2,1,48
0,0,0,0,103.5,2,1,0,0,60.57808219,7.247955325,0,0,0,18,2,7
1,1,0,0,225.0,1,1,3,0,51.10410959,24.36164384,0,0,0,18,1,49
0,0,1,0,157.5,0,1,0,0,31.47945205,8.536986301,1,1,0,18,2,45
1,1,0,0,135.0,2,1,0,0,28.05205479,7.247955325,0,0,0,18,2,43
0,0,0,0,135.0,0,1,0,0,44.91780822,20.19452055,1,0,0,3,2,17
0,1,0,0,135.0,0,2,2,0,27.58356164,0.6,1,0,0,2,2,53
0,0,1,0,283.5,0,1,0,0,49.2,1.7945205480000002,0,0,0,2,2,9
1,1,1,1,292.5,0,1,0,0,45.66027397,12.24383562,0,1,0,0,3,58
0,1,0,0,189.0,1,1,0,0,48.94246575,1.931506849,1,0,0,8,2,51
0,0,1,0,90.0,2,1,0,0,59.33424658,7.247955325,0,0,0,18,2,56
1,1,0,3,315.0,0,1,0,0,32.97808219,0.539726027,0,0,0,0,3,59
0,0,0,0,108.0,2,1,4,0,60.77260274,7.247955325,0,0,0,18,1,56
1,0,0,0,180.0,1,0,2,0,53.05479452,0.665753425,0,0,1,0,2,32
1,1,1,1,135.0,0,0,1,0,51.04383562,17.42191781,0,0,0,3,3,10
0,0,1,1,54.0,0,1,0,0,42.68767123,0.5123287670000001,0,0,0,18,3,5
0,0,1,3,144.0,0,1,0,0,37.33972603,2.0493150680000003,1,0,0,18,3,37
0,0,0,0,157.5,0,1,0,2,38.78082192,18.273972600000004,0,0,1,5,2,21
0,0,1,1,121.5,0,0,0,0,30.15616438,2.087671233,0,0,0,18,3,51
0,1,1,0,90.0,0,0,0,0,31.09863014,3.210958904,1,0,0,0,2,35
